Column1,Column3
1450,Ultimate Board Game Collection (歐版版) （極致桌上遊戲合輯）27MBB 其他類
1449,Platypus (歐版版) （鴨嘴獸）27MBB 射擊類  
1448,God of War - Chains of Olympus (韓國版) （戰神：奧林匹斯之鏈）430MBB 動作類  
1447,Iron Man (美版) （鋼鐵俠）430MBB 益智類  
1446,Nippon no Asoko de (日版) （日本的那個地方）780MBB 益智類  
1445,7 Wonders of the Ancient World (歐版) （世界七大奇跡）79.38MBB 益智類
1444,Luxor - Pharaoh's Challenge (歐版) （埃及祖瑪 2 法老王的挑戰）79.38MBB 益智類  
1443,UEFA Euro 2008 (歐版) （歐洲杯足球2008）79.38MBB 運動類  
1442,MThrillville - Off the Rails (歐版) （模擬樂園 驚奇世界 2 雲霄飛車）79.38MBB 戰略模擬  
1441,Minna no Chizu 3 (UMD Disc 2) (日版) （大家的地圖 3 Disc 2）821MBB 其他類
1440,Minna no Chizu 3 (UMD Disc 1) (日版) （大家的地圖 3 Disc 1）821MBB 其他類
1439,SNK Arcade Classics: Volume 1 (北美) （SNK經典街機合集 vol.1）924MBB 遊戲合集類  
1438,ミステリートPORTABLE～八十神かおるの挑戰!～ (日本) （神秘事件攜帶版：八十神薰的挑戰）1.15GB 推理冒險類  
1437,Vantage Master Portable (日本) （魔喚精靈攜帶版）402MB 戰略角色扮演類  
1436,Scooby-Doo! Who's Watching Who (歐洲) （史酷比：誰在看誰）-- 動作冒險類
1435,"Bussola D'ora, La (意大利) （黃金羅盤）851MB 動作冒險類  "
1434,SBK Superbike World Championship (北美) （世界超級摩托車錦標賽07）-- 摩托競速類
1433,Need for Speed - ProStreet (中國) （極品飛車：專業街道賽） 競速類
1432,Warriors Orochi (歐洲) （無雙大蛇）-- 動作類
1431,Donkey Xote (歐洲) （騎士歪傳）671MB 動作類  
1430,The Godfather: Mob Wars (中國) （教父：暴徒戰爭）-- 第三人稱冒險類
1429,UEFA Euro 2008 (歐洲) （歐洲杯足球2008）1.02GB EA  
1428,ナンプレ10000問 (日本) （數獨10000問）94MB 益智類  
1427,MyStylist (日本) （我的設計師）97MB 形象設計類  
1426,Pinball Hall of Fame - The Williams Collection (北美) （彈珠檯名人堂：威廉收藏版）239MB 桌面類  
1425,Chessmaster - The Art of Learning (歐洲) （國際象棋大師：學習的藝術）-- 國際象棋類
1424,Riviera: The Promised Land (歐洲) （約束之地：利維艾拉）1.01GB 戰略角色扮演遊戲  
1423,無雙 OROCHI 蛇魔 (中國) （無雙大蛇）350MB 動作類  
1422,Dungeon Explorer - Warrior of the Ancient Arts (歐洲) （魔洞戰記：盟約之門）283MB 動作角色扮演類  
1421,スターオーシャン2 セカンドエヴォリューション (日本) （星之海洋：二次進化）1.22G 角色扮演類  
1420,God of War - Chains of Olympus (歐洲) （戰神：奧林匹斯之鏈）1.50GB 動作角色扮演類  
1419,Warriors Orochi (德國) （無雙大蛇）-- 動作類
1418,Warriors Orochi (北美) （無雙大蛇）-- 動作類
1417,Dead Head Fred (日本) （死亡頭骨）-- 動作類
1416,コードギアス 反逆のルルーシュ LOST COLORS (日本) （反叛的魯路修：遺失的色彩）742MB 冒險類  
1415,MX vs. ATV Untamed (歐洲) （究級大越野：突破控制）290MB 競速類  
1414,Ratatouille (意大利) （料理鼠王）-- 動作類
1413,海腹川背Portable (日本) （海腹川背攜帶版）116MB 動作類  
1412,Tomb Raider: Anniversary (日本) （古墓麗影：10周年紀念版）-- 動作冒險類
1411,Blokus Portable: Steambot Championship (北美) （角鬥士俱樂部攜帶版）-- 益智類
1410,Fight Night Round 3 (中國) （搏擊之夜3）-- 搏擊類
1409,Medal of Honor Heroes 2 (歐洲) （榮譽勛章：英雄2）293MB 主觀視點射擊類  
1408,Wipeout Pure (Greatest Hits) (北美) （反重力賽車：脈搏廉價版）136MB 科幻競速類  
1407,SpinOut (歐洲) （迴旋滑行）79MB 競速類  
1406,モンスターハンターポータブル 2nd G (日本) （怪物獵人攜帶版2ndG）854MB 動作類  
1405,Ford Racing Off Road (歐洲) （福特拉力越野賽）380MB 競速類  
1404,Echochrome - Mugen Kairou (台灣) （無限迴廊）65MB 動作解謎類  
1403,Crisis Core - Final Fantasy VII (北美) （最終幻想7：核心危機）-- 動作角色扮演類
1402,Tales of Rebirth (日本) （重生傳說）893MB 角色扮演類  
1401,Mugen Kairou (日本) （無限迴廊）65MB 動作解謎類  
1400,Need for Speed - ProStreet (日本) （極品飛車：專業街道賽）-- 競速類
1399,Tekken - Dark Resurrection (v2) (歐洲) （鐵拳5：暗之復甦（v2修正版））1.67GB 對戰格鬥類  
1398,Bomberman Land (歐洲) （炸彈人大陸：攜帶版）417MB 動作過關型遊戲  
1397,ToCA Race Driver 3 Challenge (a) (歐洲) （超級房車賽3（A修正版））489MB 賽車  
1396,Metal Gear Solid Portable Ops Plus (歐洲) （合金裝備：掌上行動+）-- 動作類
1395,Pimp My Ride (歐洲) （嘻哈飆車族）-- 競速賽車類
1394,Coded Arms: Contagion (歐洲) （機密武裝：蔓延）512MB 第一人稱射擊類  
1393,Pro Evolution Soccer 2008 (北美) （勝利十一人11）793MB 足球運動類  
1392,FlatOut: Head On (北美) （極限衝刺：撞車）333MB 競速類  
1391,Wild Arms XF (北美) （荒野兵器XF）849MB 戰略角色扮演類  
1390,Silverfall (歐洲) （落銀城）201MB 動作角色扮演類  
1389,Capcom Classics Collection Remixed (中國) （Capcom經典遊戲合集）484MB 小遊戲合集類  
1388,Ultimate Ghosts 'n Goblins (中國) （極魔界村）227MB 動作類  
1387,MX vs. ATV - Extreme Limite (法國) （究級大越野：突破控制）290MB 競速類  
1386,FlatOut - Head On (歐洲) （極限衝刺：撞車）333MB 競速類  
1385,Puzzle Guzzle (北美) （旋轉方塊）58MB 益智類  
1384,Fading Shadows (歐洲) （暗黑衰落）154MB 益智解謎類  
1383,密域奇魂－伊底亞傳承－ (中國) （編碼靈魂：被繼承的理想）334MB 動作角色扮演類  
1382,God of War - Chains of Olympus (北美) （戰神：奧林匹斯之鏈）1.50GB 動作角色扮演類  
1381,Major League Baseball 2K8 (北美) （職業棒球大聯盟2008）-- 棒球運動類
1380,Telly Addicts (歐洲) （電視迷：家庭對抗版）-- 問答類
1379,Valhalla Knight (Korea) （瓦爾哈拉騎士）205MB 角色扮演類  
1378,MLB 08 - The Show (北美) （美國棒球聯盟2008）754MB 棒球運動類  
1377,Patapon (北美) （啪嗒砰）210MB 節奏策略模擬類  
1376,"Fast and the Furious - Tokyo Drift, The (歐洲) （速度與激情：東京漂移） 競速賽車遊戲"
1375,King of Clubs (歐洲) （俱樂部之王）-- 高爾夫運動類
1374,Pro Evolution Soccer 2008 (歐洲) （勝利十一人11 ）793MB 足球運動類  
1373,Dungeon Explorer - Warrior of the Ancient Arts (北美) （魔洞戰記：盟約之門）283MB 動作角色扮演類  
1372,Need for Speed ProStreet (北美) （極品飛車：專業街道賽）755MB 競速類  
1371,Tiger Woods PGA Tour Golf 06 (歐洲) （泰戈·伍茲高爾夫PGA巡迴賽2006）-- 體育類
1370,Patapon (韓國) （啪嗒砰）210MB 節奏策略模擬類  
1369,Brujala Dorada (西班牙) （黃金羅盤）851MB 動作冒險類  
1368,Patapon (歐洲) （啪嗒砰）210MB 節奏策略模擬類  
1367,Tiger Woods PGA Tour Golf 06 (中國) （泰戈·伍茲高爾夫PGA巡迴賽2006）-- 體育類
1366,Final Fantasy II (歐洲) （最終幻想II：20周年紀念版） 角色扮演類
1365,Final Fantasy (歐洲) （最終幻想I：周年紀念版）-- 角色扮演類
1364,Crash of the Titans (法國) （古惑狼：泰坦）-- 動作類
1363,Castlevania: Dracula X Chronicles (歐洲) （惡魔城X歷代記）653MB 動作類  
1362,メダル オブ オナー ヒーローズ2 (日本) （榮譽勛章：英雄2）293MB 主觀視點射擊類  
1361,WipeOut Pulse (北美) （反重力賽車：脈搏）135MB 科幻競速類  
1360,Chessmaster: The Art of Learning (歐洲) （國際象棋大師：學習的藝術）-- 國際象棋類
1359,Bomberman Land (北美) （炸彈人大陸：攜帶版）-- 動作過關類
1358,Ben 10: Protector of Earth (歐洲) （Ben10：地球保衛者）471MB 動作類  
1357,イノセントライフ～新牧場物語(Best Collection) (日本) （純真生活：新牧場物語廉價版）-- 牧場生活模擬類
1356,涼宮ハルヒの約束 (日本) （涼宮春日的約定）894MB 冒險類  
1355,Crash of the Titans (歐洲) （古惑狼：泰坦）-- 動作類
1354,Crash of the Titans (歐洲) （古惑狼：泰坦）-- 動作類
1353,MVP Baseball (韓國) （MVP棒球）-- 體育競技類
1352,FIFA World Cup: Germany 2006 (韓國) （FIFA2006德國世界盃）-- 體育競技類
1351,FIFA Soccer (韓國) （FIFA足球）-- 體育競技類
1350,Simple 2500 Series Vol. 5: Drogan Kingdom (歐版) （Simple 2500系列 第5輯：打磚塊 ）25MB 桌面類  
1349,スペースインベーダー エクストリーム (日本) （太空侵略者EX）78MB 射擊類  
1348,Need for Speed ProStreet (歐洲) （極品飛車：專業街道賽）755MB 競速類  
1347,無雙OROCHI (日本) （無雙大蛇）-- 動作類
1346,My Stylist (中國) （我的設計師）207MB 形象設計類  
1345,Dungeons & Dragons Tactics (歐版) （龍與地下城戰略版）265MB 戰略類  
1344,Downstream Panic (北美) （下游的恐慌）119MB 動作類  
1343,コーデッドソウル -受け繼がれしイデア- (日本) （編碼靈魂：被繼承的理想）326MB 動作角色扮演類  
1342,機動戰士ガンダム ギレンの野望アクシズの脅威 (日本) （機動戰士高達：基連的野望 阿克西斯的威脅）-- 戰略模擬類
1341,Rainbow Islands Evolution (北美) （新彩虹島）-- 動作冒險類
1340,戰鼓啪打碰 (中國) （啪嗒砰）144MB 節奏策略模擬類  
1339,Pursuit Force: Extreme Justice (北美) （追擊力量：終極正義）773MB 駕駛動作類  
1338,太平洋の嵐~戰艦大和、曉に出擊す~ (日本) （太平洋風暴 戰艦大和 拂曉出擊）-- 戰略模擬類
1337,SEGA RALLY revo (日本) （世嘉拉力Revo）-- 競速類
1336,R-TYPE TACTICS (韓國) （異形戰機：策略版）-- 戰略模擬類
1335,(日本) （公主同盟）371MB 戰略角色扮演類  
1334,ワールドサッカーウイニングイレブン2008 ユビキタスエヴォリューション (日本) （實況足球2008）1.28GB 足球運動類  
1333,Jackass the Game (歐洲) （蠢才秀）1.6GB 動作類  
1332,WipeOut Pulse (中國) （反重力賽車：脈搏）192MB 科幻競速類  
1331,Luxor: Pharaoh's Challenge (北美) （埃及祖瑪：法老王的挑戰）14MB 益智類  
1330,Need for Speed Carbon : Own the City (中國) （極品飛車：卡本峽谷）-- 賽車類
1329,Harvey Birdman: Attorney at Law (北美) （哈維博德曼：律師）1.33GB 冒險類  
1328,Need for Speed Most Wanted 5-1-0 (中國) （極品飛車：最高通緝）-- 賽車類
1327,零式艦上戰鬥記 貳 (日本) （零式艦上戰鬥記2）256MB 射擊類  
1326,Initital D Street Stage (韓國) （頭文字D 公路傳說）-- 競速賽車類
1325,Ben 10: Protector of Earth (歐洲) （BEN10：地球保衛者）471MB 動作類  
1324,Medal of Honor Heroes2 (歐洲) （榮譽勛章：英雄2）293MB 主觀視點射擊類  
1323,Atari Classics Evolved (北美) （雅達利經典遊戲：進化）54MB 遊戲合集類  
1322,EXIT (韓國) （逃脫大師）-- 腦力動作類
1321,XYANIDE -ザイナイド- (日版) （幻影戰機：復甦）-- 空戰模擬類
1320,涼宮ハルヒの約束Super Premium Box (日本) （涼宮春日的約定珍藏版）894MB 冒險類  
1319,Star Ocean - The First Departure (日本) （星之海洋：初次啟程）741MB 角色扮演  
1318,Gurumin - Une Aventure Monstrueuse (法國) （咕嚕小天使）-- 動作角色扮演類
1317,Warriors of the Lost Empire (北美) （失落神殿：魔窟的皇帝）1004MB 角色扮演類  
1316,MAPLUSポータブルナビ2 (日本) （攜帶衛星導航2） 電子地圖類
1315,(韓國) （大眾高爾夫：攜帶版2）430MB 高爾夫運動類  
1314,WWE SmackDown! vs. RAW 2008 (歐洲) （美國職業摔角聯盟2008）904MB 摔跤運動類  
1313,NBA Live 08 (歐洲) （NBA實況2008）-- 籃球運動類
1312,Spider-Man: Friend or Foe (歐洲) （蜘蛛俠：敵友難辨）733MB 動作類  
1311,Crash of the Titans (歐洲) （古惑狼：泰坦）-- 動作類
1310,A la Croisee des Mondes - La Boussole d'Or (法國) （黃金羅盤）851MB 動作冒險類  
1309,SOCOM: U.S. Navy SEALs Tactical Strike (歐洲) （海豹突擊隊：戰術打擊）815MB 動作射擊類  
1308,MX vs. ATV Untamed (北美) （究級大越野 突破控制）290MB 競速類  
1307,Thrillville: Off the Rails (歐洲) （模擬樂園：驚奇世界）-- 經營模擬類
1306,空の軌跡 マテリアルコレクション ポータブル (日本) （空之軌跡：素材收集版）872MB 資料合集類  
1305,はじめの一步 ポータブル ビクトリアス スピリッツ (日本) （第一神拳：勝利之魂）206MB 拳擊運動類  
1304,パタポン (日本) （啪嗒砰）145MB 節奏策略模擬類  
1303,Coded Gun Contagion (韓國) （機密武裝：蔓延）-- 射擊類
1302,Little Britain - The Video Game (歐洲) （小不列顛：遊戲版）-- 動作類
1301,Der Goldene Kompass (德國) （黃金羅盤）851MB 動作類  
1300,Talkman Travel (日本) （Talkman：旅行）53MB 翻譯軟件類  
1299,World Series of Poker 2008: Battle for the Bracelets (歐洲) （世界撲克集錦2008：王者之爭）-- 桌面類
1298,Beowulf (歐洲) （貝奧武夫）712MB 動作類  
1297,Sonic Rivals 2 (歐洲) （索尼克：競爭者2）191MB 戰略角色扮演類  
1296,Disgaea: Afternoon of Darkness (歐洲) （魔界戰記攜帶版：開始對戰）924MB 戰略角色扮演類
1295,WipeOut Pulse (歐洲) （反重力賽車：脈搏）435MB 科幻競速類
1294,"Simpson, I: Il Videogioco (歐洲) （辛普森一家）TBA 動作類"
1293,Syphon Filter: Logans Shadow (歐洲) （虹吸戰士：洛根之影）1.51GB 動作冒險類
1292,Beowulf: The Game (美國) （貝奧武夫）1.17GB 角色扮演類
1291,Mahjong Haoh Portable: Dankyuu Battle (日本) （麻將霸王攜帶版—雀莊對戰）82MB 益智棋牌類遊戲
1290,Silent Hill Zero (日本) （寂靜嶺：起源）765MB 冒險類
1289,Sonic Rivals 2 (歐洲) （索尼克：競爭者2）492MB 動作類
1288,Pac-Man World Rally (歐洲) （吃豆人世界拉力）1.63GB 競速賽車遊戲
1287,The Golden Compass (美國) （黃金羅盤）1.17GB 動作冒險類
1286,Grand Theft Auto: Vice City Stories (日本) （俠盜獵車手：罪惡都市傳奇）1.62GB 動作遊戲
1285,NBA Live 08 (歐洲) （NBA實況2008）1.50GB 籃球運動類
1284,Minna no Golf Portable 2 (日本) （大眾高爾夫：攜帶版2）879MB 高爾夫運動類
1283,Y?sha no Kuse ni Namaikida (日本) （勇者別囂張）88MB 戰略模擬類
1282,Pursuit Force: Extreme Justice (歐洲) （追擊力量：終極正義）1.52GB 駕駛動作類
1281,Chronicle of Dungeon Maker II (日本) （迷宮製造者編年史2）165MB 角色扮演類
1280,World Series of Poker 2008: Battle for the Bracelets (美國) （世界撲克集錦2008：王者之爭）858MB 桌面類
1279,Burnout Legends (Platinum) (歐洲) （火暴狂飆：傳奇）482MB 競速賽車類
1278,International Cricket Captain III (歐洲) （國際板球）120MB
1277,Football Manager 2008 (歐洲) （足球經理2008）116MB 經營模擬類
1276,Die Simpsons: Das Spiel (歐洲) （辛普森一家）740MB 動作  
1275,Medal of Honor Heroes 2 (歐洲) （榮譽勛章：英雄2）1.14GB 主觀視點射擊類
1274,Makai Senki DisGaea Portable Ts?shin Taisen Hajimemashita (日本) （魔界戰記：攜帶版）859MB 戰略角色扮演類
1273,Sh?gi ga tsuyoku naru Gekisashi J?seki D?j? (日本) （最強將棋 激指·定跡道場）161MB
1272,Alien vs. Predator: Requiem (歐洲) （異形大戰鐵血戰士：輓歌）378MB 動作冒險類  
1271,Minna no Golf Jyou: Vol. 4 (with GPS Receiver) (Disc 2) (日本) （大眾高爾夫球場 Vol.4）1.45GB 輔助軟件類
1270,Minna no Golf Jyou: Vol. 4 (with GPS Receiver) (Disc 1) (日本) （大眾高爾夫球場 Vol.4）1.61GB 輔助軟件類
1269,Family Guy (歐洲) （家庭夥伴）846MB 動作
1268,AIR (日本) （鳥之詩）1.50GB 戀愛冒險類
1267,Burnout Legends (EA Best Hits) (日本) （火暴狂飆：傳奇）482MB 競速賽車類
1266,Pro Atrus Travel Guide (日本) （攜帶衛星導航 2）1.57GB
1265,Sonic Rivals 2 (美國) （索尼克：競爭者2）491MB 動作類
1264,Metal Gear Solid: Portable Ops Plus (美國) （聖魔戰記對混沌世代）1.16GB 對戰格鬥類
1263,Anata wo Yurusanai (日本) （不可饒恕）622MB 音像小說類  
1262,Kaitou Apricot Portable (日本) （怪盜杏：攜帶版）862MB 戀愛模擬類
1261,Medal of Honor Heroes 2 (美國) （榮譽勛章：英雄2）1.14GB 主觀視點射擊類
1260,"Warhammer 40,000: Squad Command (美國) （戰錘40000：小隊指令）475MB 回合戰略類"
1259,Aliens Vs. Predator: Requiem (美國) （異形大戰鐵血戰士：輓歌）378MB 動作冒險類
1258,Dungeon Explorer: Meiyaku no Tobira (日本) （魔洞戰記：盟約之門）733MB 動作角色扮演類
1257,Silent Hill: Origins (歐洲) （寂靜嶺：起源）767MB 冒險類
1256,Spider-Man: Friend or Foe (歐洲) （蜘蛛俠：敵友難辨）836MB 動作類
1255,NBA Live 08 (日本) （NBA實況2008）1.50GB 籃球運動類
1254,Los Simpson: El Videojuego (歐洲) （扭曲金屬賽車）725MB 賽車
1253,El Se?or de los Anillos: Tacticas (歐洲) （天地之門2：武雙傳）518MB 動作角色扮演類
1252,Tales of The World : Radiant Mythology (美國) （世界傳說：光明神話）1.66GB 角色扮演遊戲
1251,The Simpsons Game (美國) （辛普森一家）729MB 動作類
1250,Napoleon Dynamite: The Game (美國) （大人物拿破崙）627MB 動作冒險類
1249,Crisis Core: Final Fantasy VII (Limited Edition) (日本) （最終幻想7：核心危機）1.66GB 動作角色扮演類
1248,Les Simpson: Le Jeu (歐洲) （辛普森一家）732MB
1247,SOCOM: U.S. Navy SEALs Tactical Strike (美國) （海豹突擊隊：戰術打擊）1.28GB 動作射擊類
1246,Tekken: Dark Resurrection (English) (日本) （鐵拳5：暗之復甦）1.63GB 對戰格鬥類
1245,Spider-Man: Freund oder Feind (歐洲) （天秤彩球 2 攜帶版）550MB PUZ（益智對戰型遊戲）
1244,WWE SmackDown! Vs. RAW 2008 featuring ECW (歐洲) （世界傳說：光明神話）1.66GB 角色扮演遊戲
1243,Ricky Ponting 2007: Pressure Play (歐洲) （布賴恩國際板球2007）368MB 板球運動類
1242,Over the Hedge: Hammy Goes Nuts! (歐洲) （籬笆墻外：瘋狂的哈米）310MB 動作類
1241,Akumajou Dracula – X Chronicle (日本) （惡魔城X歷代記）1.03GB 動作類
1240,The Simpsons Game (歐洲) （辛普森一家）729MB 動作類
1239,Silent Hill: Origins (美國) （寂靜嶺：起源）767MB 冒險類
1238,Freak Out: Extreme Freeride (歐洲) （爆發：極限自由滑雪）622MB 滑雪運動類
1237,The Sims 2: Castaway (歐洲) （模擬人生2：生存遊戲）986MB 人生模擬類
1236,ProStroke Golf: World Tour 2007 (美國) （職業高爾夫：世界巡迴賽2007）771MB 體育運動遊戲
1235,Spider-Man 3 (歐洲) （蜘蛛俠3）1.56GB 動作類
1234,Ben 10: Protector of Earth (美國) （BEN10：地球保衛者）653MB 動作類
1233,Manhunt 2 (美國) （俠盜獵魔2）1.20GB 動作冒險類
1232,Mai-Hime Senretsu! (美國) （舞-HiME 鮮烈! 真 風華學園激鬥史!!）924MB 格鬥類
1231,Castlevania – The Dracula X Chronicles (美國) （惡魔城X歷代記）1.03GB 動作類
1230,SWAT – Target Liberty (歐洲) （特警精英自由目標）845MB
1229,Dead Head Fred (歐洲) （死亡頭骨）1.31GB 動作類
1228,Castlevania: The Dracula X Chronicles (韓國) （惡魔城X歷代記）1.03GB 動作類
1227,The Sims 2: Castaway (美國) （模擬人生2：生存遊戲）986MB 人生模擬類
1226,Minna no Golf Ba Vol.3 (Disc 2) (日本) （星際迷航：戰術攻擊）1.48GB 即時戰略遊戲
1225,Star Trek : Tactical Assault (歐洲) （星際迷航：戰術攻擊）1.51GB 即時戰略遊戲
1224,Spider-Man 3 (美國) （蜘蛛俠3）1.56GB 動作類
1223,Ratatouille (歐洲) （料理鼠王）864MB 動作類
1222,Juiced 2: Hot Import Nights (歐洲) （極品醉車2：激情之夜）1.05GB 競速類
1221,Spelling Challenges and More! (美國) （拼字大賽）213MB 益智類
1220,Thrillville – Off the Rails (歐洲) （模擬樂園）852MB 經營模擬類
1219,World Championship Poker: Featuring Howard Lederer: All In (歐洲) （世界撲克競標賽）863MB 桌面遊戲類
1218,SWAT – Target Liberty (美國) （反恐特警組：自由目標）838MB
1217,Death Jr.2:Root of Evil (歐洲) （小死神2：邪惡的根源）864MB 動作過關遊戲
1216,Riviera: Yakusoku no Chi (Special Edition) (日本) （約束之地：利維艾拉）544MB 戰略角色扮演遊戲
1215,Snow Portable (日本) （雪：攜帶版）1.46GB 戀愛冒險類
1214,E'tude Prologue Portable: Yureugoku Kokoro no Katachi (日本) （動搖的心情·攜帶版）916MB
1213,Minna no Chizu 2 Chiikiban: Naka Nihon hen (日本) （大家的地圖2）1.68GB 其他類型
1212,Ratatouille (歐洲) （料理鼠王）864MB 動作類
1211,Sega Rally Revo (美國) （世嘉拉力Revo）188MB 競速類
1210,Mawaskes: Based on Carton-kun (韓國) （旋轉方塊）124MB
1209,Thrillville: Off The Rails (美國) （模擬樂園：驚奇世界）742MB 經營模擬類
1208,Sid Meier's Pirates! -Live The Life- (美國) （席德梅爾的海盜）1.51GB 模擬策略遊戲
1207,Final Fantasy Tactics – The War of the Lions (美國) （最終幻想戰略版：獅子戰爭）399MB 戰略角色扮演遊戲
1206,Crash of the Titans (美國) （古惑狼：泰坦）779MB 動作類
1205,Juiced 2 – Hot Import Nights (美國) （極品醉車2：激情之夜）1.05GB 競速類
1204,Star Wars Battlefront – Renegade Squadron (歐洲) （星球大戰：前線2）1.29GB 三維動作類
1203,Generation of Chaos (歐洲) （新天魔界：混沌時代4）1.05GB 策略角色扮演類
1202,Tiger Woods PGA Tour 08 (歐洲) （泰戈·伍茲高爾夫PGA巡迴賽2008）TBA 高爾夫運動類
1201,Hot Pixel (美國) （噪點）321MB 遊戲合集類
1200,Tomb Raider: Anniversary (歐洲) （古墓麗影：10周年紀念版）1.20GB 動作冒險類
1199,Hot Wheels Ultimate Race (歐洲) （無敵風火輪賽車：極限競速）826MB 競速類
1198,Metal Gear Solid Portable Ops (Deluxe Pack) (日本) （合金裝備：掌上行動）1.30GB 動作類
1197,Spider-Man – Friend or Foe (美國) （蜘蛛俠：敵友難辨）552MB 動作類
1196,Syphon Filter – Logan's Shadow (美國) （虹吸戰士：洛根之影）1.20GB 動作冒險類
1195,Star Wars Battlefront – Renegade Squadron (美國) （星球大戰：前線2）887MB 三維動作類
1194,Gundam Battle Chronicle (日本) （高達戰爭：編年史）546MB 動作類
1193,Final Fantasy Tactics – The War of the Lions (歐洲) （最終幻想戰略版：獅子戰爭）399MB 戰略角色扮演遊戲
1192,Pump It Up Zero Portable (韓國) （跳舞機·零 攜帶版）1.67GB
1191,NBA 08 (美國) （美國職業籃球 08）864MB 籃球運動類
1190,FIFA 08 (歐洲) （FIFA世界足球2008）1.16GB 足球運動類
1189,FIFA 08 (歐洲) （FIFA世界足球2008）1.09GB 足球運動類
1188,NBA Live 08 (美國) （NBA實況2008）1.50GB 籃球運動類
1187,FIFA 08 (歐洲) （FIFA世界足球2008）1.21GB 足球運動類
1186,Wangan Midnight Portable (日本) （灣岸午夜：攜帶版）320MB 競速類
1185,Steel Horizon (歐洲) （鋼鐵地平線）441MB 現代戰爭策略類
1184,Eiyuu Densetsu: Sora no Kiseki: Second Chapter (UMD2) (日本) （英雄傳說：空之軌跡SC）1.46GB 角色扮演類
1183,Eiyuu Densetsu: Sora no Kiseki: Second Chapter (UMD1) (日本) （英雄傳說：空之軌跡SC）1.22GB 角色扮演類
1182,Yu-Gi-Oh! Duel Monsters GX: Tagforce 2 (日本) （遊戲王：卡片力量2）1.68GB 卡片對戰類
1181,Simple 2500 Series Portable: Vol. 11: The Puzzle Quest – Agaria no Kishi (日本) （廉價 2500 系列 VOL.11 THE 益智冒險·亞加利亞的騎士）140MB
1180,Coded Arms: Contagion (日本) （機密武裝：蔓延）576MB 第一人稱射擊類
1179,Minna no Chizu 2: Chiikiban Nishi Nihon hen (日本) （大家的地圖2）1.68GB 其他類型
1178,Jackass: The Game (美國) （蠢才秀）1.68GB 動作類
1177,FIFA 08 (歐洲) （FIFA世界足球2008）1.24GB 足球運動類
1176,FIFA 08 (歐洲) （FIFA世界足球2008）1.15GB 足球運動類
1175,Crazy Taxi: Fare Wars (歐洲) （瘋狂出租車：乘客戰爭）864MB 競速類
1174,Sega Rally (歐洲) （世嘉拉力Revo）188MB 競速類
1173,Super Collapse 3 (美國) （超級方塊3）60MB 益智類
1172,Minna no Chizu 2: Chiikiban Higashi Nihon hen (日本) （大家的地圖2）1.68GB 其他類型
1171,Brunswick Pro Bowling (歐洲) （賓士域專業保齡球）159MB 保齡球運動類
1170,Pro Cycling Saison 2007 (歐洲) （職業自行車隊經理）539MB
1169,Yu-Gi-Oh! GX Tag Force 2 (美國) （遊戲王：卡片力量2）1.68GB 卡片對戰類
1168,Burnout Dominator (日本) （火爆狂飆：統治者）659MB 賽車遊戲
1167,R-Type Tactics (日本) （異形戰機：策略版）273MB 戰略模擬類
1166,Metal Gear Solid: Portable Ops + (日本) （合金裝備：掌上行動）1.17GB 動作類
1165,Ratatouille (歐洲) （料理鼠王）864MB 動作類
1164,Naruto: Ultimate Ninja Heroes (歐洲) （火影忍者：終極英雄 無幻城之卷）549MB 對戰格鬥類
1163,Coded Arms: Contagion (美國) （機密武裝：蔓延）521MB 第一人稱射擊類
1162,Dungeons & Dragons: Tactics (歐洲) （龍與地下城：戰略版）462MB 戰略類
1161,Surf's Up (歐洲) （衝浪企鵝）864MB 衝浪運動類
1160,World of Pool (歐洲) （花式桌球世界）196MB
1159,Crisis Core: Final Fantasy VII (日本) （最終幻想7：核心危機）1.66GB 動作角色扮演類
1158,Fate: Tiger Colosseum (日本) （Fate/Tiger大亂鬥）500MB 格鬥類
1157,Worms: Open Warfare 2 (美國) （百戰天蟲：開戰2）187MB 射擊類
1156,Valhalla Knights (歐洲) （瓦爾哈拉騎士）664MB 角色扮演類
1155,Alien Syndrome (歐洲) （異形特攻隊）475MB 動作類
1154,Tales of the World: Radiant Mythology (歐洲) （世界傳說：光明神話）419MB 角色扮演遊戲
1153,Rezel Cross (日本) （超傑交融）1.43GB 角色扮演類
1152,Monster Hunter Freedom 2 (歐洲) （怪物獵人：攜帶版2）806MB 動作類
1151,NHRA Drag Racing – Countdown to the Championship (美國) （短程拖車賽：冠軍倒計時賽2007）768MB 競速類
1150,Brian Lara 2007: Pressure Play (歐洲) （《布萊恩·勞拉 2007 國際板球賽）368MB
1149,Worms Open Warfare 2 (歐洲) （百戰天蟲：開戰2）187MB 射擊類
1148,Ratatouille (歐洲) （料理鼠王）864MB 動作類
1147,Ratchet & Clank: Size Matters (韓國) （瑞奇與叮噹 5 尺寸事件）668MB 動作類
1146,Naruto: Ultimate Ninja Heroes (美國) （火影忍者：終極英雄 無幻城之卷）242MB 對戰格鬥類
1145,Dead Head Fred (美國) （死亡頭骨）1.31GB 動作類
1144,Monster Hunter Freedom 2 (美國) （怪物獵人：攜帶版2）798MB 動作類
1143,Tom Clancy's Ghost Recon 2: Advanced Warfighter (美國) （幽靈行動：尖峰戰士2）724MB 主觀視點戰術射擊類
1142,Tiger Woods PGA Tour 08 (美國) （泰戈·伍茲高爾夫PGA 08）1.25GB
1141,Brunswick Pro Bowling (美國) （賓士域專業保齡球）159MB 保齡球運動類
1140,Jeanne d'Arc (美國) （聖女貞德）1.16GB 戰略角色扮演類
1139,Dragoneer's Aria (美國) （龍爵士的詠嘆調）370MB 角色扮演類
1138,Madden NFL 08 (歐洲) （勁爆美式橄欖球2008）1.48GB 橄欖球運動類
1137,Dragoneer's Aria: Ryu ga Nemurumade (日本) （龍爵士的詠嘆調）370MB 角色扮演類
1136,Tom Clancy's Ghost Recon 2: Advanced Warfighter (歐洲) （幽靈行動：尖峰戰士2）724MB 主觀視點戰術射擊類
1135,Cube: 3D Puzzle Mayhem (歐洲) （3D立方體）518MB
1134,Transformers: The Game (歐洲) （變形金剛）778MB 機器人動作類
1133,Surf's Up (歐洲) （衝浪企鵝）864MB 衝浪運動類
1132,Eragon (歐洲) （龍騎士）241MB 動作角色扮演類
1131,Dungeons & Dragons Tactics (美國) （龍與地下城：戰略版）462MB 戰略類
1130,M.A.C.H.: Modified Air Combat Heroes (歐洲) （空戰競速英雄）322MB 模擬空戰
1129,Madden NFL 08 (美國) （勁爆美式橄欖球2008）1.48GB 橄欖球運動類
1128,Taito Legends: Power-Up (美國) （泰托傳奇：加強版）301MB 其他類型，多種類型合集遊戲
1127,Tomb Raider: Anniversary (美國) （古墓麗影：10周年紀念版）1.20GB 動作冒險類
1126,Tales of the World: Radiant Mythology (日本) （世界傳說：光明神話）478MB 角色扮演遊戲
1125,Miami Vice (歐洲) （邁阿密風雲）334MB 射擊
1124,Crazy Taxi: Fare Wars (美國) （瘋狂出租車：乘客戰爭）864MB 競速類
1123,Wild Arms Crossfire (日本) （荒野兵器XF）1.28GB 戰略角色扮演類
1122,Minna no Golf Jyou: Vol. 2 (UMD2) (日本) （大眾高爾夫：攜帶版2）1.42GB 高爾夫運動類
1121,Minna no Golf Jyou: Vol. 2 (UMD1) (日本) （大眾高爾夫：攜帶版2）1.61GB 高爾夫運動類
1120,Guilty Gear Judgment (歐洲) （罪惡裝備：審判）600MB 動作對戰與格鬥遊戲
1119,Practical IQ – Test Your Intelligence! (歐洲) （智能執照2）602MB
1118,Ratatouille (歐洲) （料理鼠王）864MB 動作類
1117,StateShift (歐洲) （未來街頭飆車）200MB
1116,Shrek: The Third (歐洲) （史萊克3）1.00GB 動作類
1115,Harvest Moon: Boy & Girl (美國) （牧場物語：男孩與女孩）325MB 培養策略類
1114,Brave Story: New Traveler (美國) （勇敢的故事）184MB 角色扮演類
1113,Ratatouille (韓國) （料理鼠王）864MB 動作類
1112,Goku Makaimura Kai (日本) （極魔界村·改）933MB 動作類
1111,The Con (歐洲) （非法地帶）765MB 動作冒險類
1110,Ridge Racer (韓國) （山脊賽車）864MB 賽車競速類
1109,Harry Potter and the Order of the Phoenix (歐洲) （哈裡波特與鳳凰社）727MB 動作冒險類
1108,Ratatouille (歐洲) （料理鼠王）864MB 動作類
1107,For Symphony: With All One's Heart Portable (日本) （心之交響：攜帶版）1022MB 戀愛冒險類
1106,Idol Janshi Suchi-Pai III Remix (日本) （美少女麻將：泳裝美少女）363MB 麻將類
1105,Sarugetchu SaruSaru Daisakusen (日本) （比波猴大作戰）436MB 動作類
1104,Grand Theft Auto: Liberty City Stories (日本) （俠盜獵車手：自由城的故事）1.22GB 動作冒險類
1103,World Championship Poker 2 (歐洲) （世界紙牌錦標賽 2）650MB
1102,Sarugetchu SaruSaru Daisakusen (中國) （比波猴大作戰）440MB 動作類
1101,Alien Syndrome (美國) （異形特攻隊）471MB 動作類
1100,Final Fantasy II (美國) （最終幻想II：20周年紀念版）274MB 角色扮演類
1099,Puzzle Quest: Challenge of the Warlords (歐洲) （益智之迷：戰神的挑戰）129MB 益智遊戲
1098,Transformers: The Game (歐洲) （變形金剛）1.45GB 機器人動作類
1097,Shrek: The Third (歐洲) （史萊克3）485MB 動作類
1096,Lumines (日本) （音樂方塊：音與光的電飾戰）263MB 方塊益智類
1095,Transformers: The Game (歐洲) （變形金剛）1.45GB 機器人動作類
1094,Parappa: The Rapper (美國) （啪啦啪啦啪）359MB 音樂類
1093,Simple 2500 Series Portable!! Vol.10: The IQ Cube Moyatte Atama o Puzzle de Sukkiri! (日本) （解謎系列Vol.10 數獨）355MB 解謎類
1092,Mawaskes based on Carton-kun (日本) （旋轉方塊）127MB
1091,Tales of the World: Radiant Mythology (美國) （世界傳說：光明神話）419MB 角色扮演遊戲
1090,Diner Dash (美國) （美女餐廳）131MB 經營模擬類
1089,Talkman Shiki Shabilingual Eikaiwa for Kids (Soft Tantaiban) (日本) （英語會話 麥克風同捆版）312MB
1088,Capcom Puzzle World (歐洲) （卡普空益智世界）489MB 遊戲合集類
1087,Smash Court Tennis 3 (美國) （國際網球公開賽3）139MB 網球運動類
1086,Riviera: The Promised Land (美國) （約束之地：利維艾拉）1.01GB 戰略角色扮演遊戲
1085,Harry Potter and the Order of the Phoenix (歐洲) （哈裡波特與鳳凰社）793MB 動作冒險類
1084,Xiaolin Showdown (歐洲) （少林決勝）864MB 動作類
1083,Steel Horizon (美國) （鋼鐵地平線）124MB 現代戰爭策略類
1082,Traxxpad (美國) （音樂空間）400MB 音樂類
1081,Hot Wheels Ultimate Racing (美國) （無敵風火輪賽車：極限競速）826MB 競速類
1080,Ratchet and Clank 5 (日本) （瑞奇與叮噹 5 尺寸事件）629MB 動作類
1079,Hot Brain (歐洲) （火熱大腦 - 思想燃燒）510MB
1078,Talkman Shiki Shabilingual Eikaiwa for Kids (Microphone Doukonban) (日本) （英語會話 麥克風同捆版）312MB
1077,Secret Of Evangelion Portable (日本) （EVA的秘密）643MB 冒險遊戲
1076,Ch?ka na Janshi Tenho Ippai Nyan Remix (日本) （中華雀士：天和牌娘Remix）862MB 麻將類
1075,Final Fantasy (美國) （最終幻想I：周年紀念版）188MB 角色扮演類
1074,Me de Un? wo kitaeru Sokudokujutsu Portable (日本) （用眼鍛煉右腦速讀術 攜帶版）147MB
1073,The BIGs (美國) （大棒球聯盟）825MB 棒球運動類
1072,Ratatouille (美國) （料理鼠王）864MB 動作類
1071,Harry Potter and the Order of the Phoenix (美國) （哈裡波特與鳳凰社）728MB 動作冒險類
1070,SBK-07: Superbike World Championship (歐洲) （世界超級摩托車錦標賽07）272MB 摩托競速類
1069,Harry Potter and the Order of the Phoenix (歐洲) （哈裡波特與鳳凰社）791MB 動作冒險類
1068,Rainbow Six: Vegas (歐洲) （彩虹六號：維加斯）947MB 主觀視點射擊類
1067,Super Fruit Fall: Deluxe Edition (歐洲) （超級水果瀑布）59MB 益智解謎類
1066,Smash Court Tennis 3 (日本) （國際網球公開賽3）1.39GB 網球運動類
1065,Hot Brain (美國) （火熱大腦 - 思想燃燒）522MB
1064,Transformers: The Game (美國) （變形金剛）778MB 機器人動作類
1063,Dungeon Maker: Hounting Ground (美國) （迷宮製造者編年史2）143MB 角色扮演類
1062,Tony Hawk's Project 8 (歐洲) （托尼霍克極限滑板：八強爭霸）1.40GB 極限運動類
1061,Hard Rock Casino (美國) （硬石賭城）586MB 桌面類
1060,Socom: U.S. Navy SEALs Fireteam Bravo 2 (歐洲) （海豹突擊隊：火線小組2）1.55GB 第一人稱射擊類
1059,Spectral vs. Generation (歐洲) （聖魔戰記對混沌世代）186MB 對戰格鬥類
1058,Dragon Ball Z: Shin Budokai 2 (歐洲) （龍珠Z：真武道會）827MB 格鬥類
1057,The History Channel: Great Battles of Rome (歐洲) （偉大的羅馬戰爭）603MB 即時戰略類
1056,Hot Pixel (歐洲) （噪點）333MB 遊戲合集類
1055,Colin McRae Rally (日本) （科林麥克雷拉力賽2005）1.58GB 竟速類
1054,Legend of the Dragon (歐洲) （龍的傳人）788MB 對戰格鬥類
1053,Dave Mirra BMX Challenge (歐洲) （戴夫·米拉自行車越野挑戰賽）687MB 體育運動遊戲
1052,PQ 2: Practical Intelligence Quotient 2 (美國) （智能執照）641MB 解密冒險類
1051,Tom Clancy's Rainbow Six: Vegas (美國) （彩虹六號：維加斯）812MB 主觀視點射擊類
1050,Gurumin: A Monstrous Adventure (歐洲) （咕嚕小天使）1014MB 動作角色扮演類
1049,Talkman Euro (Soft Tantaiban) (日本) （Talkman：歐洲語言版）1.67GB 語言工具類
1048,Super Pocket Tennis (歐洲) （超級口袋網球）103MB
1047,Parappa: The Rapper (歐洲) （啪啦啪啦啪）359MB 音樂類
1046,Tony Hawk's Project 8 (歐洲) （托尼霍克極限滑板：八強爭霸）1.41GB 極限運動類
1045,Shrek: The Third (美國) （史萊克3）485MB 動作類
1044,Marvel Trading Card Game (歐洲) （漫畫英雄卡片遊戲）891MB
1043,Dragonball Z: Shin Budokai 2 (日本) （龍珠Z：真武道會2）484MB 格鬥對戰遊戲
1042,Minna no Golf Jyou Vol. 1 (GPS Receiver Version): Disc 2 (日本) （大眾高爾夫球場 Vol.1）1.55GB 輔助軟件類
1041,Minna no Golf Jyou Vol. 1 (GPS Receiver Version): Disc 1 (日本) （大眾高爾夫球場 Vol.1）1.50GB 輔助軟件類
1040,Final Fantasy II: Anniversary Editon (日本) （最終幻想II：20周年紀念版）274MB 角色扮演類
1039,Impossible Mission (歐洲) （不可能的任務）141MB 動作類
1038,Audition Portable (韓國) （勁舞團攜帶版）802MB 音樂類
1037,Surf's Up (美國) （衝浪企鵝）864MB 衝浪運動類
1036,WinX Club: Join the Club (歐洲) （魔法學院）1.22GB 動作遊戲
1035,Crush (美國) （壓碎）583MB 解謎類
1034,Smash Court Tennis 3 (歐洲) （國際網球公開賽3）1.36GB 網球運動類
1033,Heatseeker (歐洲) （熱導追蹤）385MB 空戰射擊遊戲
1032,Minna no Golf Ba Vol.1: Disc2 (日本) （大眾高爾夫球場 Vol.1）1.55GB 輔助軟件類
1031,Minna no Golf Ba Vol.1: Disc1 (日本) （大眾高爾夫球場 Vol.1）1.50GB 輔助軟件類
1030,Metal Gear Solid Portable Ops (Premium Pack) (日本) （合金裝備：掌上行動）1.30GB 動作類
1029,Crush (歐洲) （壓碎）793MB 解謎類
1028,Legend of the Dragon (美國) （龍的傳人）788MB 對戰格鬥類
1027,Juiced: Eliminator (日本) （極品醉車：消除器）1.33GB 競速賽車遊戲
1026,Brooktown High (美國) （小溪鎮：成熟年代）120MB 戀愛模擬類
1025,Innocent Life: A futuristic Harvest Moon (美國) （純真生活：新牧場物語）335MB 培養策略類
1024,Bleach: Heat the Soul 4 (日本) （死神：魂之熱鬥4）786MB 對戰格鬥類
1023,Loco Roco (Toku Toku Pack) (日本) （樂克樂克）542MB 搖擺動作類
1022,Little Aid Portable (日本) （愛的急救箱 攜帶版）1.37GB 戀愛模擬類
1021,Pirates of the Caribbean: At World's End (美國) （加勒比海盜：世界盡頭）705MB 動作冒險類
1020,Driver 76 (美國) （極道無限 76）1.03GB 動作遊戲
1019,Puzzle Scape (美國) （解謎方塊）330MB 解迷方塊類
1018,Pirates of the Caribbean: At World's End (歐洲) （加勒比海盜：世界盡頭）1.67GB 動作冒險類
1017,7 Wonders (美國) （世界七大奇跡）74MB 方塊消除類
1016,Ratchet & Clank: Size Matters (歐洲) （瑞奇與叮噹 5 尺寸事件）947MB 動作類
1015,Burnout Dominator (歐洲) （火爆狂飆：統治者）741MB 賽車遊戲
1014,Heatseeker (美國) （熱導追蹤）385MB 空戰射擊遊戲
1013,Valkyrie Profile: Lenneth (歐洲) （北歐女神：蕾娜斯）676MB 角色扮演類
1012,After Burner: Black Falcon (歐洲) （衝破火網 黑鷹）408MB 飛行模擬類
1011,Chi Vuol Essere Milionario: Party Edition (歐洲) （誰想成為百萬富翁 派對版）307MB 休閒
1010,Diner Dash (歐洲) （美女餐廳）130MB 經營模擬類
1009,Final Fantasy Tactics (日本) （最終幻想戰略版：獅子戰爭）438MB 戰略角色扮演遊戲
1008,Winx Club: Join the Club (美國) （魔法學院）1.22GB 動作遊戲
1007,Ultimate Board Game Collection (美國) （極致桌上遊戲合輯）121MB 桌上遊戲
1006,Driver 76 (歐洲) （極道無限 76）1.34GB 動作遊戲
1005,Talkman: Euro (Microphone Doukonban) (中國) （英式會話）1.67GB
1004,Talkman (中國) （英式會話）1.14GB
1003,Cube (美國) （魔幻方塊）412MB 益智方塊類遊戲
1002,Minna no Chizu 2 (Software Version) (日本) （大家的地圖2）1.68GB 其他類型
1001,The Sims 2: Pets (日本) （模擬人生2寵物）1.55GB 養成
1000,Lost Regnum: Makutsu no Koutei (韓國) （失落神殿：魔窟的皇帝）1.19GB 角色扮演類
999,Burnout Dominator (歐洲) （火爆狂飆：統治者）659MB 賽車遊戲
998,Grand Theft Auto: Liberty City Stories (美國) （俠盜獵車手：自由城的故事）1.16GB 動作冒險類
997,Death Jr. 2: Root of Evil (歐洲) （小死神2：邪惡的根源）1.20GB 動作過關遊戲
996,Xyanide Resurrection (歐洲) （幻影戰機：復甦）1.45GB
995,Minna no Chizu 2 (日本) （大家的地圖2）1.68GB 其他類型
994,Metal Gear Solid: Portable Ops (歐洲) （合金裝備：掌上行動）1.45GB 動作類
993,The Fast and The Furious (美國) （速度與激情：東京漂移）863MB 競速賽車遊戲
992,Aedis Eclipse: Generation of Chaos (美國) （伊迪絲回憶錄 新天魔界：混沌時代5）638MB 戰略角色扮演類
991,Carol Vorderman's Sudoku (美國) （卡羅爾·沃德曼的數獨）409MB 益智遊戲
990,After Burner: Black Falcon (美國) （衝破火網 黑鷹）407MB 飛行模擬類
989,Pocket Pool (美國) （口袋台球）672MB 體育類
988,Mind Quiz (歐洲) （智力問答）94MB 益智遊戲
987,Zendoku (歐洲) （禪讀）73MB 益智遊戲
986,Isshou Asoberu Todai Shougi: Tsumeshogi Doujou (日本) （可以玩一生 東大將棋 解殘局道場）65MB 桌面棋牌
985,Aces of War (歐洲) （零式艦上戰鬥記：徵空王）465MB 飛行射擊類
984,Valhalla Knights (美國) （瓦爾哈拉騎士）630MB 角色扮演類
983,Final Fantasy: Anniversary Edition (日本) （最終幻想I：周年紀念版）188MB 角色扮演類
982,Tobidase! Trouble Hanafuda Douchuuki (日本) （Fate/Stay Night 新星 Extra版）428MB 益智棋牌類遊戲
981,Dora-Slot Kyojin No Hoshi II (日本) （拉霸巨人之星 2）61MB 柏青哥模擬類
980,Pimp My Ride (美國) （嘻哈飆車族）795MB 競速賽車類
979,Innocent Life: A futuristic Harvest Moon (歐洲) （純真生活：新牧場物語）328MB 培養策略類
978,Prince of Persia: Rival Swords (美國) （波斯王子：競爭之劍）1.18GB 動作類
977,Kidou Senshi Gundam Seed: Rengou vs. Z.A.F.T. Portable (日本) （機動戰士高達SEED：聯合vs扎夫特）836MB 動作遊戲
976,Jikkyou Powerful Pro Yakyuu Portable 2 (日本) （實況力量職業棒球 攜帶版 2）1.55GB 體育類
975,Ford Street Racing: XR Edition (歐洲) （福特街頭賽車）700MB 競速賽車遊戲
974,Free Running (歐洲) （自由奔跑）432MB 自由奔跑類
973,Exit 2 (歐洲) （逃脫大師2）157MB 逃脫解謎類
972,UEFA Champions League 2006-2007 (歐洲) （歐洲聯賽冠軍杯2006-2007）1.08GB
971,Midnight Club 3: DUB Edition (美國) （灣岸午夜俱樂部3：DUB版）1.52GB 賽車競速類
970,Call of Duty: Roads to Victory (歐洲) （使命召喚：勝利之路）610MB 第一人稱射擊類
969,Killzone Liberation (韓國) （殺戮地帶：解放）557MB 三維動作類
968,UEFA Champions League 2006-2007 (歐洲) （歐洲聯賽冠軍杯2006-2007）1.17GB
967,The Con (歐洲) （非法地帶）757MB 動作冒險類
966,DJ Max Emotional Sense P 2: Sound Miracle (韓國) （DJ Max 2）1.65GB 音樂類
965,Test Drive Unlimited (歐洲) （無限試駕）1.43GB 賽車類
964,Prince of Persia: Rival Swords (歐洲) （波斯王子：競爭之劍）962MB 動作類
963,300: March to Glory (歐洲) （斯巴達三百勇士：光輝進軍）909MB 動作類
962,Virtua Tennis 3 (美國) （VR網球3）555MB 體育類
961,Full Auto 2: Battlelines (歐洲) （全能賽車2：火線追擊）447MB 競速賽車遊戲
960,Call of Duty: Roads to Victory (歐洲) （使命召喚：勝利之路）601MB 第一人稱射擊類
959,Rainbow Islands Evolution (歐洲) （新彩虹島）817MB 動作冒險
958,Test Drive Unlimited (美國) （無限試駕）1.42GB 賽車類
957,Puzzle Quest: Challenge of the Warlords (美國) （益智之迷：戰神的挑戰）129MB 益智遊戲
956,Full Auto 2: Battlelines (美國) （全能賽車2：火線追擊）454MB 競速賽車遊戲
955,Dragonball Z: Shin Budokai Another Road (美國) （龍珠Z：真武道會2）504MB 格鬥對戰遊戲
954,Gunpey (歐洲) （線條方塊）732MB 益智方塊類遊戲
953,UEFA Champions League 2006-2007 (美國) （歐洲聯賽冠軍杯2006-2007）1.17GB
952,TMNT: Teenage Mutant Ninja Turtles (歐洲) （忍者神龜）1.07GB 動作類
951,Asphalt Urban GT 2 (歐洲) （瀝青都市賽車GT2）843MB 賽車
950,Virtua Tennis 3 (歐洲) （VR網球3）555MB 體育類
949,Monster Hunter Portable (韓國) （怪物獵人：攜帶版）857MB 三維動作類
948,V8 Super Cars Australia 3: Shootout (歐洲) （超級房車賽3）1.14GB 賽車
947,After Burner: Black Falcon (歐洲) （衝破火網 黑鷹）408MB 飛行模擬類
946,Rocky Balboa (美國) （洛奇6）864MB 體育搏擊類
945,UEFA Champions League 2006-2007 (歐洲) （歐洲聯賽冠軍杯2006-2007）1.17GB
944,Le Seigneur des Anneaux: Tactics (歐洲) （指環王：戰略版）518MB 戰棋角色扮演類
943,Bomberman Land Portable (日本) （炸彈人大陸 攜帶版）394MB 動作過關型遊戲
942,PuyoPuyo!: Puyopuyo 15th Anniversary (日本) （噗喲噗喲：15周年紀念版）244MB 益智遊戲
941,Sangokushi VII (日本) （三國志7）183MB 歷史戰略類
940,TMNT (美國) （忍者神龜）909MB 動作類
939,Championship Manager 2007 (歐洲) （足球經理2007）203MB 經營策略遊戲
938,EA Replay (歐洲) （EA經典遊戲合集）850MB 其他類型，合集型遊戲
937,Call of Duty: Roads to Victory (美國) （使命召喚：勝利之路）611MB 第一人稱射擊類
936,M.A.C.H. (歐洲) （空戰競速英雄）345MB 模擬空戰
935,Sid Meier's Pirates! (歐洲) （席德梅爾的海盜）318MB 模擬策略遊戲
934,Burnout Dominator (美國) （火爆狂飆：統治者）659MB 賽車遊戲
933,Chili Con Carnage (美國) （致命臥底）760MB 動作射擊遊戲
932,Lost Regnum: The Emperor of Theives (日本) （失落神殿：魔窟的皇帝）1.10GB 角色扮演類
931,Yu-Gi-Oh! GX Tag Force (歐洲) （遊戲王：卡片力量）796MB 卡片對戰類
930,Final Armada (歐洲) （最終艦隊）516MB
929,Magic Sudoku (日本) （魔法數獨）147MB
928,Marvel Trading Card Game (美國) （漫畫英雄卡片遊戲）873MB
927,300: March to Glory (美國) （斯巴達三百勇士：光輝進軍）909MB 動作類
926,MLB 07: The Show (美國) （職業棒球大聯盟2007）1.33GB
925,Major League Baseball 2K7 (美國) （職業棒球大聯盟2007）1.58GB
924,Ghost Rider (歐洲) （惡靈騎士）752MB 動作射擊遊戲
923,Monster Kingdom: Jewel Summoner (美國) （怪物王國：寶石召喚者）507MB 角色扮演類
922,The Hustle: Detroit Streets (歐洲) （狂亂-底特律街區）1.13GB
921,Arthur and the Invisibles (歐洲) （亞瑟與迷你王國）1.39GB
920,WWE 2007 SmackDown vs. Raw (日本) （美國職業摔角聯盟2007）1.55GB 摔跤格鬥類
919,Simple 2500 Series Portable!! Vol.9: The My Taxi (日本) （Simple DS系列 第26輯：THE 謎題30000問）133MB 問答類
918,M.A.C.H. Modified Air Combat Heroes (美國) （空戰競速英雄）791MB 模擬空戰
917,Metal Slug Complete (日本) （合金彈頭精選集）1.23GB 射擊
916,Metal Slug Anthology (美國) （合金彈頭精選集）1.23GB 射擊
915,Shrek Smash N Crash Racing (歐洲) （史萊克衝撞）864MB 賽車類
914,Akudaikan Many?ki Seigi no Katana (日本) （惡代官漫遊記）107MB 桌面大富翁遊戲
913,Boku ha K?k? Kanseikan Airport Hero Shin Chitose (日本) （我是航空管制員：新千歲篇）182MB 模擬策略遊戲
912,Avatar: The Legend of Aang (歐洲) （降世神通：燃燒的大地）170MB
911,Arthur and the Invisibles (歐洲) （亞瑟與迷你王國）1.67GB
910,Over the Hedge: Hammy goes Nuts (歐洲) （籬笆墻外：瘋狂的哈米）445MB 動作類
909,Tiger Woods PGA Tour 07 (日本) （泰戈·伍茲高爾夫PGA巡迴賽2007）1.16GB 體育競技類
908,Monster Hunter Portable 2nd (日本) （怪物獵人：攜帶版2）797MB 動作類
907,Rezel Cross (中國) （超傑交融）1.43GB 角色扮演類
906,Kanon (日本) （雪之少女）1.55GB
905,Toca Race Driver 3: Challenge (歐洲) （超級房車賽3）1.14GB 賽車
904,Aedeus Memories Shinten Makai: Generation of Chaos V (韓國) （伊迪絲回憶錄 新天魔界：混沌時代5）1.63GB 戰略角色扮演類
903,Tales of Destiny 2 (日本) （宿命傳說2）1.30GB 角色扮演類
902,Lumines 2 (日本) （音樂方塊2）962MB 音樂遊戲
901,Ratchet & Clank: Size Matters (美國) （瑞奇與叮噹 5 尺寸事件）916MB 動作類
900,The Warriors (美國) （戰士幫）1.67GB 動作類
899,The Warriors (歐洲) （戰士幫）1.67GB 動作類
898,Chili Con Carnage (歐洲) （致命臥底）812MB 動作射擊遊戲
897,Gurumin: A Monstrous Adventure (美國) （咕嚕小天使）1014MB 動作角色扮演類
896,Ghost Rider (歐洲) （惡靈騎士）752MB 動作射擊遊戲
895,MTX Mototrax (歐洲) （MTX 越野摩托）1013MB 競速賽車遊戲
894,New Rainbow Island (日本) （新彩虹島）817MB 動作冒險
893,Reel Fishing: The Great Outdoors (歐洲) （魚之眼）203MB 模擬垂釣遊戲
892,Medal of Honor Heroes (日本) （榮譽勛章：英雄）1.34GB 主觀視點射擊類
891,World Series of Poker: Tournament of Champions 2007 Edition (歐洲) （世界紙牌集錦）718MB 棋牌類
890,Winning Eleven Pro Evolution Soccer 2007 (美國) （勝利十一人10：全方位連線版）1.07GB 體育
889,Online Chess Kingdoms (歐洲) （在線象棋國度）254MB 益智棋牌類遊戲
888,Capcom Puzzle World (美國) （卡普空益智世界）489MB 遊戲合集類
887,Activision Hits Remixed (歐洲) （ACTIVISION經典遊戲合集）264MB 其他類型，合集型遊戲
886,Bomberman (歐洲) （炸彈人）148MB 動作類
885,Routes Portable (Kinou Genteiban) (日本) （魯特思）1.61GB
884,Shinobido: Tales of the Ninja (歐洲) （忍道：焰）482MB 動作類
883,The Sims 2: Pets (日本) （模擬人生2寵物）1.55GB 養成
882,Ys: The Ark of Napishtim (Special Edition) (日本) （伊蘇6：那比斯汀的方舟）678MB
881,Shichoka Crossword (日本) （0）1005MB
880,Metal Slug Anthology (歐洲) （合金彈頭精選集）1.23GB 射擊
879,BattleZone (歐洲) （戰爭地帶）864MB 對戰射擊遊戲
878,NFL Street 3 (歐洲) （街頭橄欖球3）860MB
877,Dungeon Siege: Throne of Agony (歐洲) （地牢圍攻-痛苦王座）860MB 動作＋角色扮演遊戲
876,Routes Portable (日本) （魯特思）1.61GB
875,NBA Live 07 (日本) （NBA實況2007）1.28GB 籃球運動類
874,Family Guy: The Video Game (歐洲) （家庭夥伴）1.11GB 動作
873,Intelligent License 2 (日本) （智能執照2）652MB 益智過關遊戲
872,Mahjong Ha? Portable (日本) （麻將霸王攜帶版—雀莊對戰）72MB 益智棋牌類遊戲
871,TwinBee Portable (日本) （職業釣魚:雷培拉紀念碑）189MB
870,Salamander Portable (日本) （沙羅曼蛇 攜帶版）228MB
869,Parodius Portable (日本) （Q版沙羅曼蛇）365MB
868,Talkman Shiki: Shabe Lingual Eikaiwa (韓國) （Talkman式英會話）437MB 翻譯軟件類
867,Legend of Heroes III: The Song of the Ocean (美國) （英雄傳說：海之檻歌）834MB 角色扮演類
866,Sid Meier's Pirates! (美國) （席德梅爾的海盜）318MB 模擬策略遊戲
865,Every Extend Extra (歐洲) （音樂爆破）436MB 音樂射擊類
864,Lost Regnum (日本) （失落神殿：魔窟的皇帝）954MB 角色扮演類
863,DJ Max Emotional Sense P: Dynamic Sound Creation Portable International Version (韓國) （DJ Max 2）1.42GB 音樂類
862,Rocky Balboa (歐洲) （洛奇6）864MB 體育搏擊類
861,Talkman Shiki: Shabilingual Eikaiwa (Microphone Doukonban) (日本) （Talkman式英會話）432MB 翻譯軟件類
860,Talkman Shiki: Shabilingual Eikaiwa (日本) （Talkman式英會話）432MB 翻譯軟件類
859,FIFA 07 (日本) （FIFA足球2007）1.26GB 體育運動遊戲
858,M.A.C.H.: Modified Air Combat Heroes (日本) （空戰競速英雄）321MB 模擬空戰
857,Wizardry Empire III: Haou no Keifu (日本) （巫術帝國 3 霸王的系譜）130MB 角色扮演遊戲
856,Myst (歐洲) （神秘島）836MB 冒險類
855,Gunpey-R (日本) （線條方塊）697MB 益智方塊類遊戲
854,World Snooker Challenge 2007 (歐洲) （世界斯諾克錦標賽2007）858MB 體育運動遊戲
853,WWE Smackdown vs. RAW 2007 (韓國) （美國職業摔角聯盟2007）1.55GB 摔跤格鬥類
852,Sega Mega Drive Collection (歐洲) （世嘉MD經典合集 收藏版）826MB 動作
851,Dokodemo Issho: Let's Gakkou (Obenkyou Pack) (日本) （隨身玩伴：學校生活）281MB
850,Maplus: Portable Navi (日本) （攜帶衛星導航）1.57GB 電子地圖類
849,TOCA Race Driver 2: The Ultimate Racing Simulator (日本) （超級房車賽2006）1.25GB 賽車競速類
848,P-Kara (日本) （P-卡拉）200MB
847,Professor Sudoku (歐洲) （數獨）1.04GB
846,Bubble Bobble Evolution (美國) （泡泡龍 魔塔大作戰）595MB 動作過關
845,Formula One 2006 Portable (日本) （F1方程式賽車 06）860MB 競速賽車遊戲
844,Tony Hawk's Underground 2 Remix (歐洲) （托尼霍克地下滑板2：Remix）1.17GB 體育競技類
843,Need for Speed Carbon: Own the City (日本) （極品飛車：卡本峽谷）852MB 賽車類
842,Metal Gear Solid: Portable Ops (日本) （合金裝備：掌上行動）1.30GB 動作類
841,Scooby-Doo!: Who's Watching Who? (歐洲) （史酷比：誰在看誰）589MB
840,Need for Speed Carbon: Own the City (歐洲) （極品飛車：卡本峽谷）852MB 賽車類
839,Tales of The World: Radiant Mythology (日本) （世界傳說：光明神話）478MB 角色扮演遊戲
838,Sudoku & Nemonemo Logic (韓國) （數獨與繪畫解謎）151MB
837,Sony Computer Science Kenkyuusho Kenmogi Kenichirou Hakase Kanshuu: Nou ni Kaikan Aha Taiken (日本) （給腦快感 2 輕鬆體驗）289MB
836,Comic Party Portable (日本) （漫畫同人會）1.24GB 模擬冒險類
835,Maplus: Portable Navi (with GPS Receiver) (日本) （攜帶衛星導航）1.57GB 電子地圖類
834,Shrek: Smash n' Crash Racing (美國) （史萊克衝撞）864MB 賽車類
833,Makai Senki DisGaea Portable (Shokai Genteiban) (日本) （魔界戰記：攜帶版）861MB 戰略角色扮演類
832,Tomb Raider: Legend (日本) （古墓麗影：傳奇）909MB 三維動作類
831,Daisenryaku Portable 2 (日本) （大戰略：攜帶版2）395MB 戰略模擬類
830,Ky?to Daigaku Atsuji Tetsuji Ky?ju Kansh? Zaidan H?jin Nihon Kanji N?ryoku Kentei Ky?kai Ky?ryoku Kanji Trainer Portable (日本) （漢字鍛煉攜帶版）72MB 日語漢字練習類
829,Shinobido Homura (韓國) （忍道：焰）482MB 動作類
828,WWE Smackdown vs. RAW 2007 (歐洲) （美國職業摔角聯盟2007）1.52GB 摔跤格鬥類
827,Ford Street Racing: L.A. Duel (歐洲) （福特街頭賽車）700MB 競速賽車遊戲
826,Thrillville (歐洲) （模擬樂園）815MB 經營模擬類
825,World Soccer Winning Eleven 10: Ubiquitous Edition (日本) （勝利十一人10：全方位連線版）1.07GB 體育
824,Blitz: Overtime (美國) （暴力橄欖球）1.28GB
823,Medal of Honor: Heroes (歐洲) （榮譽勛章：英雄）1.34GB 主觀視點射擊類
822,The Sims 2: Pets (歐洲) （模擬人生2寵物）1.41GB 養成
821,L.A. Rush (歐洲) （洛城飆車）1.29GB 賽車
820,Il Signore Degli Anelli: Tactics (歐洲) （指環王：戰略版）518MB 戰棋角色扮演類
819,Blade Dancer: Lineage of Light (歐洲) （劍舞者：千年之約定）1.32GB 角色扮演類
818,Mahjong Kakutou Club: Zenkoku Taisenban (日本) （麻將格鬥俱樂部全國對戰版）267MB 桌面類
817,Samurai Warriors: State of War (歐洲) （激·戰國無雙）313MB 動作類
816,Family Guy (歐洲) （家庭夥伴）1.10GB 動作
815,Justice League Heroes (歐洲) （正義聯盟英雄）1.34GB 動作角色扮演類
814,WWE Smackdown vs. RAW 2007 (美國) （美國職業摔角聯盟2007）1.52GB 摔跤格鬥類
813,Bliss Island (歐洲) （極樂島）183MB 益智
812,Brothers in Arms: D-Day (歐洲) （戰火兄弟連：登陸日）1.35GB 第一人稱射擊類
811,Dynasty Warriors Vol. 2 (歐洲) （真·三國無雙：第2進化版）266MB 戰場動作類
810,Ju and Ryu TOEIC LC (Disc2) (韓國) （鷲與隆）1.45GB
809,Ju and Ryu TOEIC LC (Disc1) (韓國) （鷲與隆）1.30GB
808,Tenchi no Mon 2: Busouden (韓國) （天地之門2：武雙傳）1.09GB 動作角色扮演類
807,Tenchi no Mon 2: Busouden (日本) （啪啦啪啦啪）315MB 音樂類
806,Marvel Ultimate Alliance (歐洲) （Marvel: 終極聯盟）1.65GB 動作
805,Star Wars: Lethal Alliance (美國) （星球大戰：致命聯盟）857MB
804,Cabela's Dangerous Hunts: Ultimate Challenge (歐洲) （坎貝拉的非洲狩獵）747MB 射擊
803,Medal of Honor: Heroes (歐洲) （榮譽勛章：英雄）1.34GB 主觀視點射擊類
802,Rengoku II: The Stairway to H.E.A.V.E.N. (歐洲) （煉獄2：通向天國的階梯）479MB 動作類
801,Brothers in Arms: D-Day (美國) （戰火兄弟連：登陸日）1.35GB 第一人稱射擊類
800,Metal Gear Solid: Portable Ops (美國) （合金裝備：掌上行動）1.29GB 動作類
799,Crash Tag Team Racing (歐洲) （古惑狼賽車）1.43GB 競速賽車遊戲
798,Sarugechu Piposaru Racer (日本) （嗶波猴賽車）247MB 競速賽車遊戲
797,Power Stone Portable (日本) （能量寶石：珍藏版）494MB 三維動作類
796,Medal of Honor: Heroes (歐洲) （榮譽勛章：英雄）1.34GB 主觀視點射擊類
795,Sony Computer Science Kenky?jo Mogi Ken'ichir? Hakase Kansh? N? ni Kaikan Minna de Aha Taiken! (日本) （腦力風暴）349MB
794,Akudaikan Manyuuki (日本) （惡代官漫遊記）132MB 桌面大富翁遊戲
793,Platypus (美國) （鴨嘴獸）73MB 空戰射擊遊戲
792,Online Chess Kingdoms (美國) （在線象棋國度）254MB 益智棋牌類遊戲
791,Cars (歐洲) （汽車總動員）864MB 賽車競速類
790,Dynasty Warriors Vol. 2 (歐洲) （真·三國無雙：第2進化版）266MB 戰場動作類
789,Star Trek: Tactical Assault (歐洲) （星際迷航：戰術攻擊）243MB 即時戰略遊戲
788,Ore no Dungeon: Desire and Adventurous Spirit (日本) （我自己的迷宮）138MB 模擬養成＋角色扮演遊戲
787,Who Wants To Be A Millionaire: Party Edition (歐洲) （誰想成為百萬富翁 派對版）314MB 休閒
786,Sonic Rivals (歐洲) （索尼克：競爭者）234MB 動作類
785,The Sims 2: Pets (美國) （模擬人生2寵物）1.41GB 養成
784,Football Manager Handheld 2007 (歐洲) （足球經理2007）117MB 經營策略遊戲
783,Over the Hedge: Hammy Goes Nuts! (美國) （籬笆墻外：瘋狂的哈米）310MB 動作類
782,Star Wars: Lethal Alliance (歐洲) （星球大戰：致命聯盟）855MB
781,Pro Evolution Soccer 6 (歐洲) （勝利十一人10）1.16GB 體育運動遊戲
780,Makai Senki DisGaea Portable (日本) （魔界戰記：攜帶版）861MB 戰略角色扮演類
779,Gunpey (美國) （線條方塊）697MB 益智方塊類遊戲
778,Pump it Up: Exceed Portable (韓國) （跳舞機 攜帶版）797MB
777,Scarface: Money. Power. Respect. (歐洲) （疤面煞星）846MB 動作射擊類
776,LUXOR: The Wrath of Set (美國) （金字塔祖瑪）864MB 益智彈珠遊戲
775,Justice League Heroes (美國) （正義聯盟英雄）1.34GB 動作角色扮演類
774,Plus Plumb 2 Again (日本) （天秤彩球 2 攜帶版）139MB PUZ（益智對戰型遊戲）
773,Medal of Honor: Heroes (歐洲) （榮譽勛章：英雄）1.34GB 主觀視點射擊類
772,Eragon (歐洲) （龍騎士）241MB 動作角色扮演類
771,Medal of Honor: Heroes (歐洲) （榮譽勛章：英雄）1.34GB 主觀視點射擊類
770,Mortal Kombat: Unchained (歐洲) （致命格鬥：偽裝解除）1.33GB 格鬥類
769,Tony Hawk's Project 8 (美國) （托尼霍克極限滑板：八強爭霸）1.40GB 極限運動類
768,Riviera: Yakusoku no Chi Riviera (日本) （約束之地：利維艾拉）591MB 戰略角色扮演遊戲
767,Jeanne d'Arc (日本) （聖女貞德）1.15GB 戰略角色扮演類
766,Mind Quiz (歐洲) （智力問答）80MB 益智遊戲
765,Simple 2500 Series Portable!! Vol.8: The Dokodemo Girl Mahjong (日本) （Simple 2500系列 第8輯 隨身美少女麻將）222MB 益智棋牌遊戲
764,50 Cent: Bulletproof: G-Unit Edition (歐洲) （50分：防彈）1.57GB 第一人稱射擊類
763,Scarface: Money. Power. Respect. (歐洲) （疤面煞星）551MB 動作射擊類
762,Lumines II (歐洲) （音樂方塊2）1.09GB 音樂遊戲
761,Godfather (歐洲) （教父：暴徒戰爭）1.34GB 第三人稱冒險類
760,Scarface: Money. Power. Respect. (歐洲) （疤面煞星）428MB 動作射擊類
759,Thrillville (美國) （模擬樂園）689MB 經營模擬類
758,Need for Speed Carbon: Own The City (韓國) （極品飛車：卡本峽谷）852MB 賽車類
757,NASCAR (歐洲) （雲斯頓賽車）699MB 競速賽車遊戲
756,Sega Genesis Collection (美國) （世嘉MD經典合集 收藏版）816MB 動作
755,Sonic Rivals (美國) （索尼克：競爭者）234MB 動作類
754,Sudoku (日本) （數獨）49MB
753,Gitaroo-Man Lives! (美國) （吉他小子）1.58GB 音樂遊戲
752,Pocket Racers (美國) （口袋賽車）255MB 賽車
751,Dave Mirra BMX Challenge (美國) （戴夫·米拉自行車越野挑戰賽）696MB 體育運動遊戲
750,Reel Fishing: The Great Outdoors (美國) （魚之眼）184MB 模擬垂釣遊戲
749,Vulcanus: Seek and Destroy (日本) （探尋與破壞）1.17GB
748,Mortal Kombat: Unchained (美國) （致命格鬥：偽裝解除）1.46GB 格鬥類
747,Yu-Gi-Oh! GX Tag Force (美國) （遊戲王：卡片力量）669MB 卡片對戰類
746,Ace Combat X: Skies of Deception (歐洲) （皇牌空戰X：詭影蒼穹）1.04GB 空戰模擬類
745,Scooby-Doo!: Who's Watching Who? (歐洲) （史酷比：誰在看誰）589MB
744,Asterix and Obelix XXL 2: Mission WiFix (歐洲) （高盧騎兵2）1.03GB
743,Activision Hits Remixed (美國) （ACTIVISION經典遊戲合集）264MB 其他類型，合集型遊戲
742,Warhammer: Battle for Atluma (美國) （戰錘 阿特路瑪之戰）229MB 卡片遊戲
741,Xiaolin Showdown (美國) （少林決勝）864MB 動作類
740,EA Replay (美國) （EA經典遊戲合集）850MB 其他類型，合集型遊戲
739,Eragon: Dragon Rider (美國) （龍騎士）237MB 動作角色扮演類
738,NFL Street 3 (美國) （街頭橄欖球3）859MB
737,X-Men Legends II: El Ascenso de Apocalipsis (歐洲) （X戰警2 天啟降臨）1.23GB
736,Kameleon (歐洲) （回轉逆轉變色龍）68MB 對戰益智類
735,LEGO Star Wars II: The Original Trilogy (歐洲) （樂高星球大戰2：原創三部曲）1.22GB 動作類
734,SOCOM: U.S. Navy SEALs Fireteam Bravo 2 (美國) （海豹突擊隊：火線小組2）882MB 第一人稱射擊類
733,Capcom Classics Collection: Reloaded (歐洲) （卡普空 街機遊戲合集 重裝上陣）555MB
732,FIFA 07 (韓國) （FIFA足球2007）1.17GB 體育運動遊戲
731,Every Extend Extra (美國) （音樂爆破）357MB 音樂射擊類
730,Lumines II (美國) （音樂方塊2）1.09GB 音樂遊戲
729,Power Stone Collection (美國) （能量寶石：珍藏版）493MB 三維動作類
728,Rush (美國) （洛城飆車）1.29GB 賽車
727,Heaven's Will (日本) （天堂的意志）461MB 動作類
726,Chotto Shot Edit (日本) （隨意拍）76MB
725,Killzone: Liberation (歐洲) （殺戮地帶：解放）554MB 三維動作類
724,Open Season (歐洲) （狩獵季節）1.40GB 動作類
723,Popolocrois Monogatari: Pietro Ouji no Bouken (PSP the best) (日本) （波波羅古羅伊斯物語：皮耶多羅王子的冒險）1.08GB 角色扮演類
722,BattleZone (美國) （戰爭地帶）864MB 對戰射擊遊戲
721,ProStroke Golf: World Tour 2007 (歐洲) （職業高爾夫：世界巡迴賽2007）771MB 體育運動遊戲
720,Need for Speed Carbon: Own the City (美國) （極品飛車：卡本峽谷）852MB 賽車類
719,Death Jr. II: Root of Evil (美國) （小死神2：邪惡的根源）697MB 動作過關遊戲
718,Mind Quiz (美國) （智力問答）79MB 益智遊戲
717,Grand Theft Auto: Vice City Stories (美國) （俠盜獵車手：罪惡都市傳奇）1.57GB 動作遊戲
716,Dungeon Siege: Throne of Agony (美國) （地牢圍攻-痛苦王座）633MB 動作＋角色扮演遊戲
715,Grand Theft Auto: Vice City Stories (歐洲) （俠盜獵車手：罪惡都市傳奇）1.57GB 動作遊戲
714,NCAA Football 07 (美國) （美國大學橄欖球2007）1.52GB 體育
713,Ace Combat X: Skies of Deception (日本) （皇牌空戰X：詭影蒼穹）1.04GB 空戰模擬類
712,Pilot Academy (歐洲) （飛行員學院）313MB
711,Need for Speed Carbon: Own the City (歐洲) （極品飛車：卡本峽谷）1.36GB 賽車類
710,ATV Offroad Fury Pro (美國) （沙灘機車賽專業版）844MB 競速賽車遊戲
709,50 Cent: Bulletproof: G-Unit Edition (歐洲) （50分：防彈）1.57GB 第一人稱射擊類
708,Spider-Man 2 (日本) （蜘蛛俠2）585MB 動作類
707,Spectral vs. Generation (日本) （聖魔戰記對混沌世代）172MB 對戰格鬥類
706,Dynasty Warriors Vol. 2 (美國) （真·三國無雙：第2進化版）266MB 戰場動作類
705,KAZooK (歐洲) （極限派對）842MB
704,Gun Showdown (歐洲) （荒野神槍 攤牌）760MB
703,Marvel: Ultimate Alliance (美國) （Marvel: 終極聯盟）1.65GB 動作
702,Capcom Classics Collection Reloaded (美國) （卡普空 街機遊戲合集 重裝上陣）603MB
701,Snoopy vs. the Red Baron (美國) （史努比大戰紅男爵）515MB 動作冒險
700,Shinobido Homura (日本) （忍道：焰）477MB 動作類
699,Untold Legends: The Warrior's Code (日本) （未名傳奇：勇者密碼）1001MB 動作角色扮演類
698,Moto GP (歐洲) （摩托GP）402MB 賽車
697,Ace Combat X: Skies of Deception (美國) （皇牌空戰X：詭影蒼穹）1.04GB 空戰模擬類
696,Medal of Honor: Heroes (美國) （榮譽勛章：英雄）1.34GB 主觀視點射擊類
695,Win-TOEIC Beginners' LC (韓國) （贏取TOEIC認證 初級LC）1.60GB 教學類
694,WTF: Work Time Fun (美國) （打工地獄2000）419MB 小遊戲合集
693,Scooby-Doo!: Who's Watching Who? (美國) （史酷比：誰在看誰）589MB
692,Cabela's African Safari (美國) （坎貝拉的非洲狩獵）863MB 射擊
691,Star Trek: Tactical Assault (美國) （星際迷航：戰術攻擊）243MB 即時戰略遊戲
690,Tenchi no Mon 2: Busouden (日本) （天地之門2：武雙傳）1.10GB 動作角色扮演類
689,NHL 07 (歐洲) （NHL冰球 07）1.63GB 體育
688,FIFA Soccer 07 (美國) （FIFA足球2007）1.50GB 體育運動遊戲
687,Ford Bold Moves Street Racing (美國) （福特街頭賽車）700MB 競速賽車遊戲
686,Homestar Portable (日本) （家庭星空 攜帶版）586MB 其他類型，星空探索遊戲，對應GPS
685,Tenchi no Mon 2: Busouden (中國) （天地之門2：武雙傳）1.10GB 動作角色扮演類
684,Gangs of London (歐洲) （倫敦黑幫）1.00GB 動作冒險類
683,Power Stone Collection (歐洲) （能量寶石：珍藏版）493MB 三維動作類
682,Sudoku Coach (歐洲) （數獨）402MB
681,Family Guy (美國) （家庭夥伴）1.10GB 動作
680,Killzone: Liberation (美國) （殺戮地帶：解放）554MB 三維動作類
679,FIFA 07 (歐洲) （FIFA足球2007）1.15GB 體育運動遊戲
678,Ridge Racer 2 (歐洲) （山脊賽車2）1.41GB 競速類
677,Stacked with Daniel Negreanu (美國) （世界紙牌巡迴賽）864MB 益智棋牌類遊戲
676,Exciting Pro Wrestling 7: Smackdown vs. Raw 2006 (日本) （世界摔角聯盟 2006）1.58GB 格鬥遊戲
675,Bubble Bobble Evolution (歐洲) （泡泡龍 魔塔大作戰）593MB 動作過關
674,Gun: Showdown (美國) （荒野神槍 攤牌）758MB
673,Space Invaders Evolution (歐洲) （太空侵略者）278MB 射擊類
672,Tiger Woods PGA Tour 07 (美國) （泰戈·伍茲高爾夫PGA巡迴賽2007）1.16GB 體育競技類
671,Mercury Meltdown (美國) （水銀融化）343MB 益智
670,Myst (歐洲) （神秘島）1.44GB 冒險類
669,Avatar: The Last Airbender (美國) （降世神通：最後的空氣大師）169MB 動作遊戲
668,Princess Maker 4 Portable (日本) （美少女夢工場4攜帶版）769MB 養成
667,NBA Live 07 (歐洲) （NBA實況2007）1.36GB 籃球運動類
666,El Padrino (歐洲) （教父：暴徒戰爭）1.29GB 第三人稱冒險類
665,NBA Live 07 (歐洲) （NBA實況2007）1.42GB 籃球運動類
664,FIFA 07 (歐洲) （FIFA足球2007）1.21GB 體育運動遊戲
663,FIFA 07 (歐洲) （FIFA足球2007）1.22GB 體育運動遊戲
662,NBA Live 07 (歐洲) （NBA實況2007）1.44GB 籃球運動類
661,Open Season (歐洲) （狩獵季節）1.02GB 動作類
660,Jan Sangoku Mus? (日本) （雀 三國無雙）601MB
659,Boku ha K?k? Kanseikan Airport Hero Naha (日本) （我是航空管制員：成田篇）307MB 模擬策略遊戲
658,Gangs of London (美國) （倫敦黑幫）1.00GB 動作冒險類
657,Taito Legends: Power-Up (歐洲) （泰托傳奇：加強版）312MB 其他類型，多種類型合集遊戲
656,FIFA 07 (歐洲) （FIFA足球2007）1.16GB 體育運動遊戲
655,Scarface: Money. Power. Respect. (美國) （疤面煞星）551MB 動作射擊類
654,Gundam Battle Royale (日本) （機動戰士高達 大混戰）654MB 機動戰士高達 大混戰
653,Passport to...Paris (歐洲) （巴黎護照）787MB 其他類型，影像互動型軟件
652,Passport to...Rome (歐洲) （羅馬護照）809MB
651,Boxer's Road 2: The Real (日本) （拳手之路2真實）1.65GB 拳擊
650,Mercury Meltdown (歐洲) （水銀融化）343MB 益智
649,Passport to...Prague (歐洲) （布拉格護照）768MB 其他類型，影像互動型軟件
648,Passport to...Barcelona (歐洲) （巴塞羅納護照）783MB 其他類型，影像互動型軟件
647,B-Boy (歐洲) （街舞男孩）1.65GB 音樂遊戲
646,Fushigi Y?gi Genbu Kaiden Gaiden: Kagami no Miko (日本) （不可思議的遊戲 玄武開傳 外傳 鏡之巫女）369MB
645,Fish Eyes Portable (日本) （魚之眼）159MB 模擬垂釣遊戲
644,Passport to...Amsterdam (歐洲) （阿姆斯特丹護照）773MB 其他類型，影像互動型軟件
643,Ape Academy 2 (歐洲) （比波猴學院2）984MB 小遊戲合集
642,FIFA 07 (歐洲) （FIFA足球2007）1.26GB 體育運動遊戲
641,Infected (歐洲) （感染）857MB 射擊遊戲
640,Astonishia Story (日本) （亞斯特尼西雅物語）116MB 角色扮演遊戲
639,Yarudora Portable: Sampaguita (日本) （互動劇場：茉莉花）1.16GB 冒險類
638,Eiy? Densetsu VI: Sora no Kiseki FC (日本) （英雄傳說：空之軌跡）1.63GB 角色扮演遊戲
637,Ys: The Ark of Napishtim (歐洲) （伊蘇6：那比斯汀的方舟）699MB
636,Spectral Souls (美國) （新紀幻想：聖魔之魂2）1.12GB 戰棋角色扮演類
635,Gitaroo Man Lives! (歐洲) （吉他小子）1.52GB 音樂遊戲
634,Moto GP (美國) （摩托GP）294MB 賽車
633,NBA '07 (美國) （NBA實況2007）594MB 籃球運動類
632,Chronicle of Dungeon Maker (日本) （迷宮製造者編年史2）143MB 角色扮演類
631,NBA Live 07 (美國) （NBA實況2007）1.44GB 籃球運動類
630,Il Padrino (歐洲) （教父：暴徒戰爭）1.27GB 第三人稱冒險類
629,Tiger Woods PGA Tour 07 (歐洲) （泰戈·伍茲高爾夫PGA巡迴賽2007）1.16GB 體育競技類
628,Metal Gear Solid: Digital Graphic Novel (歐洲) （合金裝備：數字漫畫小說）1.49GB 電子漫畫類
627,Just English (韓國) （準確 英語）1.33GB
626,Win-TOEIC Primary LC (韓國) （贏取TOEIC認證 初級LC）1.59GB 教學類
625,Tiger Woods PGA Tour 07 (歐洲) （泰戈·伍茲高爾夫PGA巡迴賽2007）1.16GB 體育競技類
624,Passport to...London (歐洲) （倫敦護照）796MB
623,Metal Gear Solid: Bande Dessinee (日本) （合金裝備：數字漫畫小說）951MB 動作類
622,Der Pate (歐洲) （教父：暴徒戰爭）1.26GB 第三人稱冒險類
621,Le Parrain (歐洲) （教父：暴徒戰爭）1.26GB 第三人稱冒險類
620,Blokus Club Portable with Bumpy Trot (日本) （角鬥士俱樂部攜帶版）65MB 益智類
619,World Series of Poker: Tournament of Champions (美國) （世界紙牌集錦）722MB 棋牌類
618,Bounty Hounds (日本) （賞金獵犬）1.07GB 動作射擊類
617,Shinseiki Evangelion 2 (日本) （新世紀福音戰士2：人造世界）849MB 動作角色扮演類
616,The Godfather: Mob Wars (美國) （教父：暴徒戰爭）1.28GB 第三人稱冒險類
615,Open Season (美國) （狩獵季節）1.02GB 動作類
614,KuruKuru Chameleon (日本) （回轉逆轉變色龍）66MB 對戰益智類
613,Cars (歐洲) （汽車總動員）864MB 賽車競速類
612,Moegaku @Portable (日本) （萌英語 @ 攜帶版）438MB
611,Bounty Hounds (美國) （賞金獵犬）1.06GB 動作射擊類
610,Rengoku II: The Stairway to H.E.A.V.E.N. (美國) （煉獄2：通向天國的階梯）479MB 動作類
609,Untold Legends: Warriors Code (韓國) （未名傳奇：勇者密碼）902MB 動作角色扮演類
608,Bomberman (美國) （炸彈人）104MB 動作類
607,IQ Mania (日本) （智商狂暴）415MB
606,NHL 07 (美國) （NHL冰球 07）1.63GB 體育
605,Yu-Gi-Oh! Duel Monsters: GX Tagforce (日本) （遊戲王對戰怪獸 GX 卡片力量）705MB 其他類型，卡片遊戲
604,Shinki Gensou: SSII Unlimited Side (韓國) （新紀幻想 - 聖魔戰記 II）1.08GB
603,Ridge Racers 2 (日本) （山脊賽車2）1.41GB 競速類
602,LEGO Star Wars II: The Original Trilogy (美國) （樂高星球大戰2：原創三部曲）1.14GB 動作類
601,X-Treme Party (歐洲) （極限派對）841MB
600,Tekken: Dark Resurrection (歐洲) （鐵拳5：暗之復甦）1.66GB 對戰格鬥類
599,Rain Wonder Trip: Standard Version (日本) （奇妙旅程）1.57GB
598,Ultimate Ghosts 'n Goblins (歐洲) （極魔界村）443MB 動作類
597,Pilot Ni Narou! Flying All Stars (日本) （飛行大考驗：名機總動員）312MB 飛行模擬類
596,Yarudora Portable: Blood The Last Vampire (日本) （互動劇場：最後的吸血鬼）1.36GB 對戰益智類
595,NASCAR (美國) （雲斯頓賽車）703MB 競速賽車遊戲
594,"World Championship Poker Featuring: Howard Lederer ""ALL-IN"" (美國) （世界撲克冠軍賽2：All In）1.68GB 戀愛養成類"
593,Kangaeru EXIT (日本) （逃脫大師2）160MB 逃脫解謎類
592,Blood + Final Piece (日本) （BLOOD 最後的和平）780MB
591,Taiko no Tatsujin Portable 2 (日本) （太鼓達人：便攜版 2）862MB 音樂遊戲
590,LocoRoco (美國) （樂克樂克）562MB 搖擺動作類
589,Guilty Gear Judgement (美國) （罪惡裝備：審判）572MB 動作對戰與格鬥遊戲
588,Tales of Phantasia: Full Voice Edition (日本) （幻想傳說）483MB 角色扮演遊戲
587,Capcom Classic Collection (日本) （Capcom經典遊戲合集）603MB 小遊戲合集類
586,Bubble Bobble Magical Tower (日本) （泡泡龍 魔塔大作戰）602MB 動作過關
585,Taik? Risshiden IV (日本) （太閣立志傳4）222MB 戰略
584,Miami Vice: The Game (日本) （邁阿密風雲）324MB 射擊
583,Super Monkey Ball Adventure (美國) （超級猴子球：冒險記）404MB 動作冒險類
582,Gangs of London (歐洲) （倫敦黑幫）1033MB 動作冒險類
581,Street Supremacy (歐洲) （首都高賽車：地帶控制）563MB 賽車競速類
580,Rapala Trophies (美國) （職業釣魚）497MB 模擬遊戲
579,50 Cent: Bulletproof G-Unit Edition (美國) （50分：防彈）1.57GB 第一人稱射擊類
578,Def Jam Fight For NY: The Takeover (美國) （紐約街頭教父：勝者為王）1.46GB 格鬥類
577,Ultimate Ghosts'n Goblins (美國) （極魔界村）411MB 動作類
576,Def Jam Fight For NY: The Takeover (歐洲) （紐約街頭教父：勝者為王）1.46GB 格鬥類
575,Cars (歐洲) （汽車總動員）864MB 賽車競速類
574,Gradius Collection (歐洲) （宇宙巡航機：博物館）343MB 飛行射擊類
573,Valhalla Knights (日本) （瓦爾哈拉騎士）653MB 角色扮演類
572,Pocket Racers (歐洲) （口袋賽車）256MB 賽車
571,TalkMan (Soft Tantaiban) (日本) （英語會話）1.14GB
570,Carol Vorderman's Sudoku (歐洲) （卡羅爾·沃德曼的數獨）1.04GB 益智遊戲
569,Syphon Filter: Dark Mirror (歐洲) （虹吸戰士：黑鏡）1.65GB 第一人稱射擊類
568,Pac-Man World Rally (美國) （吃豆人世界拉力）412MB 競速賽車遊戲
567,Shichida Shiki Training: Unou Tanren Portable (日本) （右腦鍛煉）46MB
566,Pirates of the Caribbean: Dead Man's Chest (日本) （加勒比海盜：亡者之棺）451MB 動作角色扮演類
565,Kings Field: Additional II (日本) （國王密令2）784MB
564,Moto GP (日本) （摩托GP）299MB 賽車
563,Simple 2500 Series Portable!! Vol.7 THE Dokodemo Kanji Quiz: Challenge! Kanji Kentei 2006 (日本) （廉價2500系列7）59MB
562,Tama-run (日本) （水銀融化）336MB 益智
561,Guilty Gear Judgment (日本) （罪惡裝備：審判）581MB 動作對戰與格鬥遊戲
560,Winning Post 6 2006 (日本) （賽馬大亨6 2006）584MB
559,Payout Poker and Casino (美國) （撲克賭場）192MB 桌面類
558,TalkMan: Europe Gengo Hen (Microphone Doukonban) (日本) （英語會話）1.67GB
557,Madden NFL 07 (美國) （瘋狂橄欖球 07）1.48GB 體育運動類
556,Copa Mundial De La FIFA 2006 (歐洲) （2006 FIFA 世界盃）1.15GB
555,Dead to Rights: Reckoning (歐洲) （脫獄潛龍：清算）182MB 動作類
554,Rain Wonder Trip: Limited Version (日本) （奇妙旅程）1.57GB
553,Yamasa Digi Portable Matsuri no Tatsujin Win-chan no Natsumatsuri (日本) （山佐 Digi 攜帶版 祭典達人太鼓夏祭）115MB
552,FIFA Street 2 (日本) （街頭足球2）858MB
551,Jissen Pachislot Hisshouhou! Hokuto no Ken Portable SE (日本) （實戰柏青嫂必勝法 北斗之拳）249MB 桌面柏青嫂遊戲
550,Numpla & Oekaki Puzzle (日本) （數字遊戲 & 繪畫解謎）140MB
549,NFL Street 2: Unleashed (歐洲) （NFL街頭橄欖球2 釋放）663MB 體育競技類
548,Mondiali FIFA 2006 (歐洲) （意大利足球2006）1.14GB
547,Koukaku Kidoutai Stand Alone Complex: Kariudo no Ryouiki (日本) （攻殼機動隊：獵人的領域）769MB 動作類
546,Gitaroo Man Lives! (韓國) （吉他小子）1.55GB 音樂遊戲
545,Cream Stew mo Minagara Iroiro Gochagocha Ittemasu Kedomo... Warai no Tamago L- Size (日本) （Warai no Tamago L-Size）1.11GB
544,Cars (歐洲) （汽車總動員）864MB 賽車競速類
543,Bounty Hounds (中國) （賞金獵犬）1.07GB 動作射擊類
542,MicroMachines V4 (美國) （微型機器 4）574MB 競速賽車遊戲
541,Dynasty Warriors (歐洲) （真·三國無雙）229MB
540,Simple 2500 Series Portable!! Vol.3: THE Dokodemo Suiri IT Tantei: Zen 68 no Jikenbo (日本) （Simple 2500系列 第3輯：IT推理偵探）787MB 文字冒險類
539,Grand Theft Auto: Liberty City Stories (歐洲) （俠盜獵車手：自由城的故事）1.16GB 動作冒險類
538,Carnage Heart PORTABLE (日本) （殺戮之心 便攜版）247MB
537,The Lord of The Rings: Tactics (歐洲) （指環王：戰略版）528MB 戰棋角色扮演類
536,SD Gundam G GENERATION Portable (日本) （SD高達G世紀：攜帶版）1.34GB 戰略角色扮演類
535,Every Extend Extra (日本) （音樂爆破）287MB 音樂射擊類
534,Goku Makaimura (日本) （極魔界村）412MB 動作類
533,Crash Tag Team Racing (歐洲) （古惑狼賽車）1.42GB 競速賽車遊戲
532,Piposaru Academia 2 (日本) （比波猴學院2）330MB 小遊戲合集
531,Densha de GO! T?kaid?sen Hen (日本) （電車GO!東海道篇）602MB
530,Derby Stallion P (日本) （德比賽馬P）335MB
529,Field Commander (歐洲) （戰地指揮官）1.68GB 模擬戰略遊戲
528,Tekken: Dark Resurrection (美國) （鐵拳5：暗之復甦）1.62GB 對戰格鬥類
527,Formula One 06 (歐洲) （F1方程式賽車 06）1MB 競速賽車遊戲
526,Miami Vice: The Game (美國) （邁阿密風雲）330MB 射擊
525,Finder Love: Fumina Hara Fuari no Futaride (日本) （尋找愛：原史奈）1.10GB 冒險類
524,Finder Love: Hoshino Aki Nankoku Trouble Rendezvous (日本) （尋找愛：星野亞紀）1.20GB 冒險類
523,Juiced: Eliminator (歐洲) （極品醉車：消除器）1.17GB 競速賽車遊戲
522,Japanese Win-JPT Primary (韓國) （學習日語）1.55GB
521,Ultraman Fighting: Evolution 0 (日本) （奧特曼：格鬥進化0）463MB 格鬥類
520,Bomberman Portable (日本) （炸彈人大陸 攜帶版）105MB 動作過關型遊戲
519,Tekken: Dark Resurrection (韓國) （鐵拳5：暗之復甦）1.62GB 對戰格鬥類
518,SOCOM: U.S. Navy SEALs Fireteam Bravo (韓國) （海豹突擊隊：火線小組2）565MB 第一人稱射擊類
517,LocoRoco (韓國) （樂克樂克）543MB 搖擺動作類
516,Dynasty Warriors: 2nd Evolution (韓國) （真·三國無雙：第2進化版）265MB 戰場動作類
515,Capcom Classics Collection: Remixed (歐洲) （Capcom經典遊戲合集）544MB 小遊戲合集類
514,Portable Island: Tenohira no Resort (日本) （隨身勝地）1.18GB
513,Kings Field: Additional I (日本) （國王密令）771MB
512,Crash Tag Team Racing (歐洲) （古惑狼賽車）1.42GB 競速賽車遊戲
511,Blade Dancer: Lineage of Light (美國) （劍舞者：千年之約定）370MB 角色扮演類
510,Bleach: Heat the Soul 3 (日本) （死神：魂之熱鬥3）762MB 格鬥遊戲
509,Valkyrie Profile: Lenneth (美國) （北歐女神：蕾娜斯）677MB 角色扮演類
508,007: From Russia with Love (歐洲) （007來自俄羅斯的愛）755MB 射擊類
507,Nana: Subeta wa Daimaou no Omichibiki (日本) （娜娜）213MB 桌面
506,Finder Love: Kud? Risa First Shoot ha kimi to (日本) （尋找愛：工藤裡紗）1.12GB 冒險類
505,Miami Vice: The Game (歐洲) （邁阿密風雲）407MB 射擊
504,Cars (歐洲) （汽車總動員）864MB 賽車競速類
503,NCAA Football 2007 (美國) （美國大學橄欖球2007）1.52GB 體育
502,Quiz Kidou Senshi Gundam: Monsenshi DX (日本) （機動戰士高達 問戰士DX）324MB
501,PQ: Practical Intelligence Quotient (歐洲) （智能執照）175MB 解密冒險類
500,Tengai Makyou: Daishi no Mokushiroku (日本) （天外魔境：第4默示錄）1.22GB 角色扮演類
499,Jukugon (日本) （塾魂）57MB
498,LocoRoco (日本) （樂克樂克）542MB 搖擺動作類
497,MTX Mototrax (美國) （MTX越野摩托）1018MB 竟速
496,Coupe du Monde de la FIFA 2006 (歐洲) （FIFA足球世界盃2006）1.15GB 體育類
495,LocoRoco (日本) （樂克樂克）543MB 搖擺動作類
494,Cars (日本) （汽車總動員）864MB 賽車競速類
493,Brave Story Aratanaru Tabibito (日本) （勇敢的故事）180MB 角色扮演類
492,Tekken: Dark Resurrection (日本) （鐵拳5：暗之復甦）1.62GB 對戰格鬥類
491,Pirates of the Caribbean: Dead Man's Chest (歐洲) （加勒比海盜：亡者之棺）449MB 動作角色扮演類
490,World Tour Soccer 06 (美國) （世界足球巡迴賽）864MB 體育競技類
489,Gurumin (日本) （咕嚕小天使）852MB 動作角色扮演類
488,Boku no Natsuyasumi Portable (日本) （我的暑假：昆蟲博士與天邊山的秘密）379MB 生活冒險類
487,Juiced: Eliminator (美國) （速度與激情 消除器）1.17GB 賽車
486,X-Men Legends II: Rise of Apocalypse (歐洲) （X戰警傳奇2：天啟降臨）1.23GB
485,V8 Supercars Australia 2 (歐洲) （V8超級房車賽2）1.25GB
484,Tony Hawks Underground 2 Remix (歐洲) （托尼霍克地下滑板2：Remix）1.17GB 體育競技類
483,Untold Legends: The Warrior's Code (歐洲) （未名傳奇：勇者密碼）1.58GB 動作角色扮演類
482,MicroMachines V4 (歐洲) （微型機器 4）573MB 競速賽車遊戲
481,Super Monkey Ball Adventures (歐洲) （超級猴子球：冒險記）403MB 動作冒險類
480,Lisa to Issho ni Tairiku ?dan- A-Ressha de ik?! (日本) （與莉薩一起橫越大陸）102MB
479,Boku ha K?k? Kanseikan Airport Hero Narita (日本) （我是航空管制員：成田篇）158MB 模擬策略遊戲
478,Myst (日本) （神秘島）840MB 冒險類
477,Tomb Raider: Legend (美國) （古墓麗影：傳奇）1.41GB 三維動作類
476,Koro Koro!! Kollon (日本) （科隆方塊）95MB 益智方塊類遊戲
475,Pirates of the Caribbean: Dead Man's Chest (美國) （加勒比海盜：亡者之棺）449MB 動作角色扮演類
474,Daito Giken K?jiki Pachi-Slot Yoshimune Portable (日本) （大都技研公式柏青哥模擬器 吉宗）130MB 桌面遊戲
473,Sound Novel Portable Machi: Unmei no K?saten Tokubetsu Hen (日本) （街：命運的交差點 特別篇）1.43GB 文字冒險類
472,Kazuo (日本) （數獨KAZUO）275MB
471,Tenchu: Time of the Assassins (歐洲) （天誅：忍大全）1.66GB 動作冒險類
470,LocoRoco (歐洲) （樂克樂克）693MB 搖擺動作類
469,Gitaroo Man Lives! (日本) （吉他小子）1.68GB 音樂遊戲
468,FIFA World Cup Germany 2006 (日本) （FIFA足球世界盃2006）1.20GB 體育類
467,Sony Computer Science Kenkyuusho Kenmogi Kenichirou Hakase Kanshuu: Nou ni Kaikan Aha Taiken (日本) （給腦快感 2 輕鬆體驗）289MB
466,The Legend of Heroes II: Prophecy of the Moonlight Witch (美國) （英雄傳說：白髮魔女）1.66GB 角色扮演類
465,World Tour Soccer 2 (歐洲) （世界足球巡迴賽）864MB 體育競技類
464,Astonishia Story (歐洲) （亞斯特尼西雅物語）110MB 角色扮演類
463,Taito Memories Pocket (日本) （泰托懷舊記憶-口袋版）314MB 其他類型，合集類遊戲
462,Metal Gear Solid: Digital Graphic Novel (美國) （合金裝備：數字漫畫小說）932MB 電子漫畫類
461,PoPoLoCrois (歐洲) （波波羅古羅伊斯物語：皮耶多羅王子的冒險）1007MB 角色扮演類
460,Puzzle Challenge: Crosswords and More (美國) （縱橫填字謎）84MB
459,Doko Demo Issyo Let's Gakk? (日本) （隨身玩伴 多羅貓）281MB 養成類
458,TalkMan (歐洲) （英語會話）1.67GB
457,Tomb Raider: Legend (歐洲) （古墓麗影：傳奇）1.41GB 三維動作類
456,Cars (美國) （汽車總動員）864MB 賽車競速類
455,Race Driver 2006 (美國) （超級房車賽2006）1.59GB 賽車競速類
454,Astonishia Story (美國) （亞斯特尼西雅物語）110MB 角色扮演類
453,Gradius Collection (美國) （宇宙巡航機：博物館）333MB 飛行射擊類
452,World Poker Tour (歐洲) （世界紙牌巡迴賽）500MB 益智棋牌類遊戲
451,Spider-Man 2 (歐洲) （蜘蛛俠2）322MB 動作類
450,007: From Russia with Love (日本) （007來自俄羅斯的愛）702MB 射擊類
449,FIFA 06 (歐洲) （FIFA足球2006）1.10GB 足球體育類
448,Kahashima Ryuuta Kyouju Kanshuu Nou Chikara Trainer Portable 2 (日本) （東北大學未來科學技術共同開發中心 川島隆太教授監修 腦力鍛煉 攜帶版2）65MB 腦力鍛煉類
447,Kamaitachi no Yoru 2: Tokubetsuhen (日本) （恐怖驚魂夜 2 特別篇）864MB
446,FIFA World Cup Germany 2006 (美國) （FIFA足球世界盃2006）1.20GB 體育類
445,Talkman Euro (日本) （Talkman：歐洲語言版）1.67GB 語言工具類
444,Aedeus Memories Shinten Makai: Generation of Chaos V (日本) （伊迪絲回憶錄 新天魔界：混沌時代5）641MB 戰略角色扮演類
443,Lemmings (美國) （瘋狂小旅鼠）449MB 動作過關遊戲
442,Monster Hunter Freedom (美國) （怪物獵人：攜帶版）706MB 三維動作類
441,FIFA World Cup Germany 2006 (歐洲) （FIFA足球世界盃2006）1.20GB 體育類
440,Pac-Man World 3 (歐洲) （吃豆人世界3）825MB 動作遊戲
439,Magna Carta Portable (日本) （真名法典）1.50GB 角色扮演類
438,Dragon Quest and Final Fantasy in Itadaki Street Portable (日本) （富豪街：勇者鬥惡龍與最終幻想）294MB 桌面棋牌類
437,Field Commander (美國) （戰地指揮官）1.11GB 模擬戰略遊戲
436,Puyo Pop Fever (歐洲) （魔法氣泡狂熱版）174MB 方塊益智類
435,FIFA World Cup Germany 2006 (歐洲) （FIFA足球世界盃2006）1.20GB 體育類
434,Viewtiful Joe: Red Hot Rumble (歐洲) （紅俠喬伊：格鬥嘉年華）985MB 混亂格鬥類
433,Metal Gear Ac!d 2 (歐洲) （合金裝備 ACID 2）874MB 角色扮演類
432,Dragon Ball Z: Shin Budokai (歐洲) （龍珠Z：真武道會）774MB 格鬥類
431,Koloomn (歐洲) （科隆方塊）136MB 益智方塊類遊戲
430,Me & My Katamari (歐洲) （我們的塊魂）1.64GB 動作類
429,NBA Ballers Rebound (美國) （NBA街頭籃球 表演賽）846MB 體育競技類
428,Monster Hunter Freedom (歐洲) （怪物獵人：攜帶版）714MB 三維動作類
427,Ape Escape P (歐洲) （捉猴啦P！）764MB 動作類
426,Armored Core: Formula Front: Extreme Battle (歐洲) （裝甲核心：方程式前線）785MB 第三人稱射擊類
425,The Dog: Happy Life Vol. 1 (日本) （狗狗的幸福生活第一彈）763MB 養成類
424,Rengoku II: The Stairway to H.E.A.V.E.N. (日本) （煉獄2：通向天國的階梯）307MB 動作類
423,Mai-HiMe Senretsu! (日本) （舞-HiME 鮮烈! 真 風華學園激鬥史!!）721MB 格鬥類
422,Shinseiki Evangelion 2: Tsukurareshi Sekai: Another Cases (10th Anniversary Memorial Box) (日本) （新世紀福音戰士2：人造世界）849MB 動作角色扮演類
421,OutRun 2006: Coast 2 Coast (美國) （超越賽車2006：咫尺天涯）605MB 競速類
420,Innocent Life: Shin Bokujou Monogatari (日本) （純真生活：新牧場物語）199MB 培養策略類
419,Minna no Chizu (日本) （大家的地圖2）547MB 其他類型
418,WRC: FIA World Rally Championship (美國) （世界冠軍拉力賽）1.22GB
417,World Poker Tour (美國) （世界紙牌巡迴賽）579MB 益智棋牌類遊戲
416,Simple 2500 Series Portable Vol. 5: The Block Kuzushi Quest: Dragon Kingdom (日本) （Simple 2500系列 第5輯：打磚塊）854MB 桌面類
415,Oh?s Talk English – Disc 2 (韓國) （說英語）1.19GB
414,Oh?s Talk English – Disc 1 (韓國) （說英語）1.17GB
413,Dragon Ball Z: Shin Budokai (日本) （龍珠Z：真武道會）300MB 格鬥類
412,Daxter (歐洲) （達斯特）1.30GB 動作冒險類
411,Honkaku Yotarida Mahjong: Mahjong-Ou Portable (日本) （麻將霸王攜帶版—雀莊對戰）149MB 益智棋牌類遊戲
410,Major League Baseball 2K6 (美國) （職業棒球大聯盟2006）1.50GB 體育
409,Piposaru Academia 2 (韓國) （比波猴學院2）1.00GB 小遊戲合集
408,The Sims 2 (日本) （模擬人生2）1.01GB 模擬養成類
407,Gripshift (日本) （爆衝賽車）794MB 賽車競速類
406,007: From Russia with Love (歐洲) （Marvel: 終極聯盟）755MB 動作
405,Football Manager Handheld (歐洲) （足球經理2006）563MB 經營模擬類
404,Megami no Etsubo (日本) （女神的笑壺）1.14GB 其他
403,Jissen Pachi-Slot Hisshouhou! Portable: Aladdin 2 Evolution (日本) （實戰柏青哥必勝法！阿拉丁2）488MB TAB（桌面遊戲）
402,Shanghai (日本) （上海）89MB
401,Ultra Puzzle Bobble Pocket (日本) （泡泡龍）67MB 方塊益智類
400,SOCOM: U.S. Navy SEALs Fireteam Bravo (歐洲) （海豹突擊隊：火線小組）1000MB
399,Bust-A-Move Ghost (歐洲) （終極泡泡龍口袋版）67MB 益智方塊類遊戲
398,Simple 2500 Series Portable Vol. 6: The Sensha (日本) （Simple 2500系列 第6輯 戰車）104MB
397,Championship Manager 2006 (歐洲) （世界足球經理2006）196MB
396,Cabela?s Dangerous Hunts: Ultimate Challenge (美國) （坎貝拉的非洲狩獵）429MB 射擊
395,Kao Challengers (美國) （袋鼠大冒險）585MB 動作類
394,Star Wars: Battlefront II (日本) （星球大戰：前線2）678MB 三維動作類
393,Koukyou Shihen: Eureka Seven (日本) （交響詩篇）1.02GB
392,Bust-A-Move Deluxe (美國) （終極泡泡龍口袋版）67MB 益智方塊類遊戲
391,007 – From Russia with Love (美國) （007來自俄羅斯的愛）698MB 射擊類
390,SpongeBob Squarepants: The Yellow Avenger (歐洲) （海綿先生：黃色復仇者）166MB 動作遊戲
389,Tokobot (歐洲) （遺跡大冒險）655MB 動作類
388,Tom Clancy's Splinter Cell: Essential (歐洲) （分裂細胞：實質）1.68GB 動作類
387,Me and My Katamari (韓國) （我們的塊魂）1.64GB 動作類
386,Metal Gear Acid 2 (韓國) （合金裝備 ACID 2）872MB 動作冒險類
385,Jikkyou Powerful Pro Yakyuu Portable2 (日本) （實況力量職業棒球 攜帶版 2）1.62GB 體育類
384,Densha de Go! Pocket: Osaka Kanjousen-Hen (日本) （電車GO！大阪線篇）344MB 模擬駕駛類
383,Exit (歐洲) （逃脫大師）128MB 腦力動作類
382,Naruto: Narutimete Portable (日本) （火影忍者：終極英雄 無幻城之卷）604MB 對戰格鬥類
381,Untold Legends: The Warriors Code (美國) （未名傳奇：勇者密碼）1003MB 動作角色扮演類
380,Untold Legends: Brotherhood of the Blade (日本) （無盡的傳說：刀鋒兄弟會）854MB 動作角色扮演類
379,Mega Man: Powered Up (歐洲) （洛克人：威力加強）297MB 動作類
378,Beit Hell 2000 (韓國) （打工地獄2000）1.09GB 小遊戲合集
377,OutRun 2006: Coast 2 Coast (歐洲) （超越賽車2006：咫尺天涯）603MB 競速類
376,Viewtiful Joe: Red Hot Rumble (美國) （紅俠喬伊：格鬥嘉年華）626MB 混亂格鬥類
375,Capcom Classics Collection: Remixed (美國) （Capcom經典遊戲合集）545MB 小遊戲合集類
374,Worms: Open Warfare2 (美國) （百戰天蟲：開戰2）225MB 射擊類
373,Street Riders (歐洲) （街頭賽手）700MB
372,Shin Sangoku Musou: 2nd Evolution (日本) （真·三國無雙：第2進化版）297MB 戰場動作類
371,Daikoukai Jidai IV: Rota Nova (日本) （大航海時代4：Rota Nava）166MB 航海冒險類
370,Go! Sudoku (美國) （數獨）297MB 數字解密益智類
369,Tom Clancy's Splinter Cell: Essentials (美國) （分裂細胞：實質）1.68GB 動作類
368,Metal Gear Acid 2 (美國) （合金裝備 ACID 2）874MB 動作冒險類
367,Samurai Warriors: State of War (歐洲) （激·戰國無雙）313MB 動作類
366,Nobunaga no Yabou: Reppuuden with Power Up Kit (日本) （信長的野望:烈風傳）196MB
365,Samurai Warriors: State of War (歐洲) （激·戰國無雙）312MB 動作類
364,Me & My Katamari (美國) （我們的塊魂）1.64GB 動作類
363,Worms: Open Warfare (歐洲) （百戰天蟲：開戰）214MB
362,Viewtiful Joe: Battle Carnival (日本) （紅俠喬伊：格鬥嘉年華）623MB 混亂格鬥類
361,IQ Mania (日本) （智商狂熱）415MB
360,Biz Taiken Series: Kigyou Mishi (日本) （商業體驗系列 起業道）820MB 模擬經營類
359,Syphon Filter: Dark Mirror (美國) （虹吸戰士：黑鏡）1.12GB 第一人稱射擊類
358,Neopets Petpet Adventures: The Wand of Wishing (美國) （尼奧寵物：寵物大冒險 如意魔杖）823MB 動作冒險類
357,Daxter (美國) （達斯特）1.30GB 動作冒險類
356,Mega Man: Powered Up (美國) （洛克人：威力加強）297MB 動作類
355,MX vs. ATV Unleashed: On the Edge (歐洲) （究極大越野）799MB 競速賽車遊戲
354,Bomberman: Bakufuu Sentai Bombermen (日本) （炸彈人 爆風戰隊炸彈人）428MB
353,Simple 2500 Series Portable Vol. 4: The Unou Drill (日本) （2500系列4 右腦訓練）80MB
352,Lemmings (日本) （瘋狂小旅鼠）451MB 動作過關遊戲
351,Pursuit Force (美國) （追擊力量：終極正義）1.36GB 駕駛動作類
350,XI Coliseum (日本) （骰子熱爆）416MB
349,Coded Arms (日本) （機密武裝）175MB 第一人稱射擊類
348,WRC: FIA World Rally Championship (日本) （世界冠軍拉力賽）1.22GB
347,Lemmings (歐洲) （瘋狂小旅鼠）429MB 動作過關遊戲
346,Dragon Ball Z: Shin Budokai (美國) （龍珠Z：真武道會）311MB 格鬥類
345,Samurai Warriors: State of War (美國) （激·戰國無雙）312MB 動作類
344,Sakura Taisen 1 & 2 (日本) （櫻花大戰1+2）1.63GB AVG（冒險遊戲）
343,Tokimeki Memorial: Forever With You (日本) （心跳回憶：永遠屬於你）667MB 戀愛養成類
342,Tiger Woods PGA Tour 06 (日本) （泰戈·伍茲高爾夫PGA巡迴賽2006）1.20GB 體育競技類
341,Fight Night Round 3 (歐洲) （搏擊之夜3）1.23GB 搏擊類
340,Street Fighter Alpha 3 MAX (歐洲) （街頭霸王Alpha3 Max）235MB 對戰格鬥類
339,Saikyou Toudai Shogi Portable (日本) （麻將霸王攜帶版：段級戰）177MB 麻將類
338,NBA Live 06 (日本) （NBA實況2006）1.21GB 體育競技類
337,Gamble Con Fight (日本) （非法地帶）821MB 動作冒險類
336,Frantix (日本) （弗蘭提克斯）383MB 動作類
335,FIFA 06 (日本) （FIFA足球2006）1.19GB 足球體育類
334,SpongeBob Squarepants: The Yellow Avenger (美國) （海綿先生：黃色復仇者）166MB 動作遊戲
333,MutaJuice (韓國) （激情果汁）1.37GB
332,Fired Up (韓國) （火爆賽車）193MB
331,Eyeshield 21: Portable Edition (日本) （光速蒙面俠21）843MB
330,Blade Dancer (中國) （劍舞者：千年之約定）253MB 角色扮演類
329,Kuru Kuru Chameleon (日本) （回轉逆轉變色龍）66MB 對戰益智類
328,Rockman Rockman (日本) （洛克人）315MB
327,Simple 2500 Series Portable Vol. 1: The Table Game (日本) （Simple 2500系列 第1輯：桌面遊戲）84MB 小遊戲合集類
326,Hayarigami Portable: Keishichou Kaii Jiken (日本) （流行之神：警視廳怪異事件文件）409MB 冒險類
325,Power Smash: New Generation (日本) （新VR網球）410MB
324,Pursuit Force: Daitsuiseki (日本) （強力追擊）1.36GB
323,Daito Giken Koushiki Pachi-Slot Simulator: Ossu! Banchou Portable (日本) （大都技研公式柏青哥模擬器 吉宗）86MB 桌面遊戲
322,Ooedo Senryoubako (日本) （大江戶）540MB
321,Dora-Slot: Oki-Slot-Ou! Pioneer 12 (日本) （巨人之星 多拉衝擊）119MB
320,FIFA Street 2 (美國) （FIFA街頭足球2）861MB
319,MLB 06: The Show (美國) （美國棒球聯盟2006）1.37GB 體育競技類
318,Street Supremacy (美國) （首都高賽車：地帶控制）466MB 賽車競速類
317,Derby Time 2006 (日本) （德比時刻2006）216MB
316,Blade Dancer: Sennen no Yakusoku (日本) （劍舞者：千年之約定）274MB 角色扮演類
315,Ys: The Ark of Napishtim (美國) （伊蘇6：那比斯汀的方舟）650MB
314,Generation of Chaos (美國) （新天魔界：混沌時代4）1.05GB 策略角色扮演類
313,Mega Man: Maverick Hunter X (歐洲) （洛克人：反亂獵人X）448MB 動作類
312,Mobile Train Simulator: Keisei: Toei Asakusa: Keikyuusen (日本) （移動火車模擬：京成、都営淺草、京急線）1.62GB 模擬駕駛類
311,Simple 2500 Series Portable Vol. 2: The Tennis (日本) （Simple 2500系列 第2輯：網球）103MB 體育競技類
310,MX vs. ATV Unleashed: On the Edge (美國) （究極大越野）799MB 競速賽車遊戲
309,FIFA Street 2 (歐洲) （FIFA街頭足球2）861MB
308,Valkyrie Profile: Lenneth (日本) （北歐女神：蕾娜斯）683MB 角色扮演類
307,Monster Kingdom: Jewel Summoner (日本) （怪物王國：寶石召喚者）338MB 角色扮演類
306,Mai-HiME Bakuretsu! (日本) （舞-HiME 鮮烈! 真 風華學園激鬥史!!）715MB 格鬥類
305,Namco Museum 2 (日本) （南夢宮博物館2）282MB 桌面
304,Kinnikuman: Muscle Generations (日本) （筋肉人：肌肉時代）335MB 摔跤格鬥類
303,Jitsuroku Oniyome Nikki (日本) （實錄鬼嫁日記）144MB 冒險類
302,Gensou Suikoden I + II (日本) （幻想水滸傳1+2）809MB
301,Midway Arcade Treasures: Extended Play (歐洲) （街機遊戲合集）620MB
300,Fight Night Round 3 (美國) （搏擊之夜3）1.05GB 搏擊類
299,Frogger: Helmet Chaos (歐洲) （青蛙過河）472MB 動作類
298,World Series of Poker (歐洲) （世界紙牌集錦）329MB 棋牌類
297,Initial D: Street Stage (日本) （頭文字D 公路傳說）1.10GB RAC（競速賽車遊戲）
296,Jui: Dr. Touma Jotarou (日本) （咒醫：杜馬丈太郎醫生）395MB 文字冒險類
295,Yarudora Portable: Blood The Last Vampire (日本) （互動劇場：最後的吸血鬼）1.35GB 對戰益智類
294,Densha de Go! Pocket: Chuuousenhen (日本) （電車GO！中央線篇）465MB 模擬駕駛類
293,Exit (美國) （逃脫大師）129MB 腦力動作類
292,Gottlieb Pinball Classics (歐洲) （經典彈珠檯）252MB
291,Nakahara no Hasha: Sangoku Shouseiden (日本) （中原之霸者：三國將星傳）146MB 策略類
290,San Goku Shi VII (日本) （三國志7）189MB 歷史戰略類
289,World Soccer Winning Eleven 9 (美國) （勝利十一人9）930MB 足球體育類
288,ATV Offroad Fury: Blazin' Trails (歐洲) （ATV越野機車大賽）631MB 賽車競速類
287,Breath of Fire III (歐洲) （龍戰士3）384MB 角色扮演類
286,San Goku Shi VI (中國) （三國志6）170MB 歷史戰略類
285,Death Jr. (歐洲) （死神小子）738MB 戰棋角色扮演類
284,Street Fighter Alpha 3 MAX (美國) （街頭霸王Alpha3 Max）235MB 對戰格鬥類
283,Gradius Portable (日本) （宇宙巡航機：博物館）323MB 飛行射擊類
282,Tales of Eternia (歐洲) （永恆傳說）636MB 角色扮演類
281,Armored Core: Formula Front: Extreme Battle (美國) （裝甲核心：方程式前線）777MB 第三人稱射擊類
280,Crash Tag Team Racing (歐洲) （古惑狼賽車）1.43GB 競速賽車遊戲
279,Mega Man: Maverick Hunter X (美國) （洛克人：反亂獵人X）448MB 動作類
278,Mega Man: Maverick Hunter X (歐洲) （煉獄：洗罪塔）364MB 動作類
277,The Sims 2 (韓國) （模擬人生2）1034MB 模擬養成類
276,Ys: Napishtim no Kou (日本) （伊蘇6：那比斯汀的方舟）826MB
275,Ape Escape Academy (美國) （比波猴學院：捉猴大全集）370MB 綜合類
274,The Con: Gamble Fight (韓國) （非法地帶）815MB 動作冒險類
273,WWE Smackdown vs. RAW 2006 (韓國) （世界摔角聯盟 2006）1.58GB 格鬥遊戲
272,Key of Heaven (歐洲) （天地之門）1.07GB 動作類
271,Street Fighter Zero 3 Double Upper (日本) （街頭霸王Alpha3 Max）258MB 對戰格鬥類
270,Eiyuu Densetsu Gagharv Trilogy V: Umi no Oriuta (日本) （英雄傳說：海之檻歌）832MB 角色扮演類
269,DJ MAX Portable (韓國) （DJ Max）1.41GB 音樂類
268,PQ: Practical Intelligence Quotient (美國) （智能執照）170MB 解密冒險類
267,The Sims 2 (歐洲) （模擬人生2）1.03GB 模擬養成類
266,Ultimate Block Party (美國) （科隆方塊）136MB 益智方塊類遊戲
265,Generation of Chaos IV: Another Side (韓國) （新天魔界：混沌時代4）930MB 策略角色扮演類
264,Shin Megami Tensei Devil Summoner (日本) （真·女神轉生：惡魔召喚師）390MB 角色扮演類
263,Super Robot Teisen MX Portable (日本) （超級機器人大戰MX）1.20GB 戰棋角色扮演類
262,Zero Shiki Kanjou Sentouki (日本) （零式艦上戰鬥記：徵空王）462MB 飛行射擊類
261,Puyo Puyo Fever 2 (日本) （噗喲噗喲2）209MB
260,Nobunaga no Yabou: Shouseiroku (日本) （信長之野望：將星錄）303MB 歷史戰略類
259,SSX: on tour Portable (日本) （極限滑雪巡迴賽）1.31GB 體育競技類
258,Need for Speed: Most Wanted 5-1-0 (日本) （極品飛車：最高通緝）889MB 賽車類
257,Karakuri (日本) （遺跡大冒險）313MB 動作類
256,Crash Bandicoot: Gacchanko World (日本) （古惑狼賽車）1.32GB
255,Comic Party Portable (Shokai Genteiban) (日本) （漫畫同人會）1.24GB 模擬冒險類
254,Boku no Watashi no Katamari Damacy (日本) （我們的塊魂）1.64GB 動作類
253,Byte Hell 2000 (日本) （打工地獄2000）443MB 小遊戲合集
252,Flowars Portable (韓國) （龍爭花開）198MB
251,Peter Jackson's King Kong: The official Game of the Movie (美國) （金剛）472MB FPS
250,Need for Speed: Most Wanted 5-1-0 (韓國) （極品飛車：最高通緝）890MB 賽車類
249,FIFA Soccer 06 (韓國) （FIFA足球2006）1.18GB 足球體育類
248,Daisenryaku Portable (日本) （大戰略：攜帶版）89MB 回合制策略類
247,Pursuit Force (韓國) （追擊力量：終極正義）1.34GB 駕駛動作類
246,Hand Dic (韓國) （掌上詞典）141MB
245,WWE Smackdown vs. RAW 2006 (歐洲) （世界摔角聯盟 2006）1.58GB 格鬥遊戲
244,Madden NFL 06 (歐洲) （勁爆美式橄欖球2006）1.57GB 體育競技類
243,Midway Arcade Treasures: Extended Play (美國) （街機遊戲合集）618MB
242,Piposaru Academia 2 (日本) （比波猴學院2）331MB 小遊戲合集
241,Jet de Go! Pocket (日本) （飛機GO！）642MB 模擬飛行類
240,Exit (日本) （逃脫大師）107MB 腦力動作類
239,WWE Smackdown vs. RAW 2006 (美國) （世界摔角聯盟 2006）1.74GB 格鬥遊戲
238,Prince of Persia: Revelations (歐洲) （波斯王子：啟示）1.58GB 動作冒險類
237,World Championship Poker 2: Featuring Howard Lederer (美國) （世界紙牌錦標賽 2）197MB
236,Pinball: Hall of Fame (美國) （彈珠檯名人堂）251MB 桌面遊戲
235,Peter Jackson's King Kong (歐洲) （金剛）547MB FPS
234,Harry Potter and the Goblet of Fire (韓國) （哈裡波特與火焰杯）390MB 動作冒險類
233,Irregular Hunter X (日本) （洛克人：反亂獵人X）448MB 動作類
232,Championship Manager (歐洲) （世界足球經理）186MB
231,SSX: on tour (韓國) （極限滑雪巡迴賽）1.31GB 體育競技類
230,The Sims 2 (美國) （模擬人生2）1.03GB 模擬養成類
229,Prince of Persia: Revelations (美國) （波斯王子：啟示）1.57GB 動作冒險類
228,Pac-Man World 3 (美國) （吃豆人世界3）494MB 動作遊戲
227,Tokobot (美國) （遺跡大冒險）328MB 動作類
226,Frantix (歐洲) （弗蘭提克斯）384MB 動作類
225,Go! Sudoku (歐洲) （數獨）273MB 數字解密益智類
224,Metal Gear Ac!d 2 (日本) （合金裝備 ACID 2）875MB 動作冒險類
223,Geki Sengoku Mesou (日本) （激·戰國無雙）314MB 動作類
222,Armored Core: Formula Front International (日本) （裝甲核心：方程式前線）858MB 第三人稱射擊類
221,PoPoLoCrois (美國) （波波羅古羅伊斯物語：皮耶多羅王子的冒險）1.17GB 角色扮演類
220,Der Herr der Ringe: Taktiken (歐洲) （指環王：戰略版）517MB 戰棋角色扮演類
219,TalkMan (韓國) （英語會話）1.14GB
218,Bokujou Monogatari: Harvest Moon Boy and Girl (日本) （牧場物語：男孩與女孩）313MB 培養策略類
217,Burnout Legends (日本) （火暴狂飆：傳奇）506MB 競速賽車類
216,TalkMan (Microphone) (日本) （英語會話）1.14GB
215,Monster Hunter Portable (日本) （怪物獵人：攜帶版）711MB 三維動作類
214,X-Men Legends II: Rise of Apocalypse (歐洲) （X戰警傳奇2：天啟降臨）1.23GB
213,Harry Potter and the Goblet of Fire (歐洲) （哈裡波特與火焰杯）394MB 動作冒險類
212,Crash Tag Team Racing (歐洲) （古惑狼賽車）1.43GB 競速賽車遊戲
211,Vulcanus: Seek and Destroy (韓國) （探尋與破壞）1.18GB
210,Yarudora Portable: Kisetsu Wo Dakishimete (日本) （互動劇場：擁抱季節）1.16GB 文字冒險類
209,Yarudora Portable: Yukiwari no Hana (日本) （互動劇場：雪割花）1.18GB 冒險類
208,Yarudora Portable: Double Cast (日本) （互動劇場：雙面嬌娃）1.14GB 冒險類
207,Harry Potter und der Feuerkelch (歐洲) （哈裡波特與火焰杯）515MB 動作冒險類
206,Need for Speed: Most Wanted 5-1-0 (歐洲) （極品飛車：最高通緝）888MB 賽車類
205,Harry Potter e il Calice di Fuoco (歐洲) （哈裡波特與火焰杯）470MB 動作冒險類
204,Pro Evolution Soccer 5 (歐洲) （實況足球 5）981MB
203,Crash Tag Team Racing (美國) （古惑狼賽車）1.42GB 競速賽車遊戲
202,WRC: World Racing Championship (歐洲) （世界拉力錦標賽）1.67GB
201,Harry Potter et la Coupe de Feu (歐洲) （哈裡波特與火焰杯）395MB 動作冒險類
200,Virtua Tennis: World Tour (韓國) （VR網球：世界巡迴賽）409MB 網球運動類
199,Harry Potter and the Goblet of Fire (美國) （哈裡波特與火焰杯）391MB 動作冒險類
198,Infected (美國) （感染）562MB 射擊遊戲
197,Kingdom of Paradise (美國) （天地之門）1.00GB 動作類
196,The Legend of Heroes: A Tear of Vermillion (美國) （英雄傳說：朱紅之淚）638MB 角色扮演類
195,Need for Speed: Most Wanted 5-1-0 (美國) （極品飛車：最高通緝）883MB 賽車類
194,GripShift (歐洲) （爆衝賽車）853MB 賽車競速類
193,Fukufuku no Shima (日本) （福福之島）685MB 其他類型遊戲
192,Konjiki no Corda (La Corda d'Oro) (日本) （金色琴弦）1.47GB
191,The Lord of the Rings: Tactics (美國) （指環王：戰略版）528MB 戰棋角色扮演類
190,SOCOM: U.S. Navy SEALs Fireteam Bravo (美國) （海豹突擊隊：火線小組2）534MB 第一人稱射擊類
189,Grand Theft Auto: Liberty City Stories (歐洲) （俠盜獵車手：自由城的故事）1.16GB 動作冒險類
188,Star Wars: Battlefront II (歐洲) （星球大戰：前線2）704MB 三維動作類
187,Kidou Keisatsu Patlabor: Camubaku MiniPato (日本) （機動警察 迷你版）182MB
186,Star Wars: Battlefront II (美國) （星球大戰：前線2）704MB 三維動作類
185,Twisted Metal: Head-On (歐洲) （烈火戰車：勇往直前）1.64GB 射擊類
184,NBA Live 06 (歐洲) （NBA實況2006）1.14GB 體育競技類
183,Ghost in the Shell: Stand Alone Complex (歐洲) （攻殼機動隊：獵人的領域）793MB 動作類
182,NBA Live 06 (歐洲) （NBA實況2006）1.21GB 體育競技類
181,SSX: on tour (歐洲) （極限滑雪巡迴賽）1.31GB 體育競技類
180,The Hustle: Detroit Streets (美國) （狂亂-底特律街區）942MB
179,Kao Challengers (歐洲) （袋鼠大冒險）588MB 動作類
178,Pursuit Force (歐洲) （追擊力量：終極正義）1.25GB 駕駛動作類
177,Ghost in the Shell: Stand Alone Complex (美國) （攻殼機動隊：獵人的領域）756MB 動作類
176,FIFA 06 (歐洲) （FIFA足球2006）1.13GB 足球體育類
175,Grand Theft Auto: Liberty City Stories (美國) （俠盜獵車手：自由城的故事）1.20GB 動作冒險類
174,Shinseiki Genso: SS II Unlimited Side (日本) （新紀幻想：聖魔之魂2）1.58GB 戰棋角色扮演類
173,FIFA 06 (歐洲) （FIFA足球2006）1.14GB 足球體育類
172,FIFA 06 (歐洲) （FIFA足球2006）1.11GB 足球體育類
171,Burnout Legends (韓國) （火暴狂飆：傳奇）506MB 競速賽車類
170,Touhokudai Gaku Mirai Kagakugijutsu Kyoudoukenkyuu Center: Kahashima Ryuuta Kyouju Kanshuu Nou Chikara Trainer Portable (日本) （東北大學未來科學技術共同研究中央川島隆太教授監修 腦力鍛煉）62MB
169,Tenchi no Mon (韓國) （天地之門）1.00GB 動作類
168,X-Men Legends II: Rise of Apocalypse (美國) （X戰警2:天啟降臨）1.23GB
167,The Con (美國) （非法地帶）818MB 動作冒險類
166,Marvel Nemesis: Rise of the Imperfects (歐洲) （復仇女神：未完成體）864MB 打鬥類
165,FIFA 06 (歐洲) （FIFA足球2006）1.11GB 足球體育類
164,Piposaru Get You P! (韓國) （捉猴啦P！）774MB 動作類
163,Gretzky NHL 06 (美國) （美國職業冰球聯盟06）834MB 體育競技類
162,FIFA Soccer 06 (美國) （FIFA足球2006）1.10GB 足球體育類
161,SSX: on tour (美國) （極限滑雪巡迴賽）1.31GB 體育競技類
160,Toca Race Driver 2 (歐洲) （超級房車賽2006）1.25GB 賽車競速類
159,Virtua Tennis: World Tour (美國) （VR網球：世界巡迴賽）409MB 網球運動類
158,Sangokushi VI (日本) （三國志六）177MB 歷史戰略類
157,NBA Street Showdown (日本) （NBA街頭籃球 表演賽）1.10GB 體育競技類
156,Tiger Woods PGA Tour 06 (歐洲) （泰戈·伍茲高爾夫PGA巡迴賽2006）1.21GB 體育競技類
155,NBA Live 06 (美國) （NBA實況2006）1.21GB 體育競技類
154,NBA 06 (美國) （NBA籃球06）296MB 體育競技類
153,Marvel Nemesis: Rise of the Imperfects (美國) （復仇女神：未完成體）864MB 打鬥類
152,Namco Museum Battle Collection (歐洲) （南夢宮博物館）446MB 小遊戲合集類
151,MediEvil Resurrection (美國) （骷髏騎士：復甦）1.10GB 動作冒險類
150,Frogger: Helmet Chaos (美國) （青蛙過河）431MB 動作類
149,Tenchi no Mon (日本) （天地之門）981MB 動作類
148,Pinball (日本) （彈珠檯）60MB 彈珠檯類
147,Tiger Woods PGA Tour 06 (美國) （泰戈·伍茲高爾夫PGA巡迴賽2006）1.21GB 體育競技類
146,Gallery Fake (日本) （王牌鑒定人）453MB 冒險類
145,Densha De Go! Pocket: Yamate-Sen-Hen (日本) （電車GO！山手線篇）486MB 模擬類
144,Guilty Gear XX #Reload (日本) （罪惡工具XX #Reload）463MB 格鬥類
143,Burnout Legends (美國) （火暴狂飆：傳奇）207MB 競速賽車類
142,Space Invaders Galaxy Beat (日本) （太空侵略者：銀河節拍）218MB 射擊類
141,Madden NFL 06 (美國) （勁爆美式橄欖球2006）1.57GB 體育競技類
140,Frantix: A Puzzle Adventure (美國) （弗蘭提克斯）382MB 動作類
139,Gundam: Battle Tactics (日本) （高達戰爭：戰術版）265MB 動作類
138,Formula One 05 Portable (日本) （一級方程式賽車2005）661MB 賽車競速類
137,Princess Crown (日本) （公主的皇冠）265MB 動作角色扮演類
136,World Series of Poker (美國) （世界紙牌集錦）329MB 棋牌類
135,[HG] Hydrium (韓國) （水銀）322MB 益智類
134,GripShift (美國) （爆衝賽車）789MB 賽車競速類
133,Winning Eleven 9: Ubiquitous Evolution (日本) （勝利十一人9）937MB 足球體育類
132,Ghost In The Shell: Stand Alone Complex (日本) （攻殼機動隊：獵人的領域）724MB 動作類
131,Burnout Legends (歐洲) （火暴狂飆：傳奇）477MB 競速賽車類
130,Rockman Dash 2 (日本) （洛克人衝刺：鋼之冒險心）333MB 動作冒險類
129,Coded Arms (歐洲) （機密武裝）184MB 第一人稱射擊類
128,Midnight Club 3: DUB Edition (歐洲) （灣岸午夜俱樂部3：DUB版）1.53GB 賽車競速類
127,Colin McRae Rally 2005 plus (歐洲) （科林麥克雷拉力賽2005）1.58GB 竟速類
126,Darkstalkers Chronicle: The Chaos Tower (歐洲) （惡魔戰士編年史：混沌之塔）658MB 格鬥類
125,NBA Street Showdown (歐洲) （NBA街頭籃球 表演賽）1.09GB 體育競技類
124,Need for Speed: Underground Rivals (歐洲) （極品飛車：地下狂飆 挑戰）844MB 賽車競速類
123,World Tour Soccer (歐洲) （世界足球巡迴賽）315MB 體育競技類
122,Lumines (歐洲) （音樂方塊：音與光的電飾戰）320MB 方塊益智類
121,Archer Maclean's Mercury (歐洲) （水銀）276MB 益智類
120,World Snooker Challenge 2005 (歐洲) （世界斯諾克錦標賽2005）686MB
119,Nobunaga no Yabou: Tenshoki (日本) （信長之野望：將星錄）389MB 歷史戰略類
118,DTM Race Driver 2 (歐洲) （德國房車大師賽2）1.25GB
117,Tony Hawk's Underground 2 Remix (歐洲) （托尼霍克地下滑板2：Remix）1.17GB 體育競技類
116,Dynasty Warriors (歐洲) （真·三國無雙）153MB
115,Spider-Man 2 (歐洲) （蜘蛛俠2）906MB 動作類
114,Bleach: Heat the Soul 2 (日本) （死神：魂之熱鬥2）636MB 格鬥
113,Untold Legends: Brotherhood of the Blade (歐洲) （無盡的傳說：刀鋒兄弟會）388MB 動作角色扮演類
112,Metal Gear Ac!D (歐洲) （合金裝備 ACID）309MB 回合制冒險類
111,Fired Up (歐洲) （火爆賽車）227MB
110,Virtua Tennis: World Tour (歐洲) （VR網球：世界巡迴賽）370MB 網球運動類
109,Harukanaru Toki no Nakade 2 (日本) （遙遠的時空中2）1.59GB 角色扮演類
108,Tiger Woods PGA Tour (日本) （泰戈·伍茲高爾夫PGA巡迴賽2005）1.68GB 體育競技類
107,Yarudora Portable: Sampaguita (日本) （互動劇場：茉莉花）1.15GB 冒險類
106,Wipeout Pure (日本) （反重力賽車）336MB 競速賽車類遊戲
105,Dynasty Warriors (韓國) （真·三國無雙）192MB
104,Everybody?s Golf (歐洲) （大眾高爾夫）537MB 體育運動類
103,MediEvil Resurrection (歐洲) （骷髏騎士：復甦）1.35GB 動作冒險類
102,Namco Museum Battle Collection (美國) （南夢宮博物館）166MB 小遊戲合集類
101,Ape Academy (歐洲) （比波猴學院：捉猴大全集）364MB 綜合類
100,Twelve: Sengoku Fuushinden (日本) （十二勇士：戰國封神傳）1.61GB 戰棋角色扮演類
99,Need for Speed: Underground Rivals (韓國) （極品飛車：地下狂飆 挑戰）254MB 賽車競速類
98,Namco Museum (韓國) （南夢宮博物館）229MB 小遊戲合集類
97,Breath of Fire III (日本) （龍戰士3）385MB 角色扮演類
96,Formula One Grand Prix (歐洲) （一級方程式大獎賽）657MB
95,Tenchi no Mon (日本) （天地之門）1.00GB 動作類
94,Yarudora Portable: Yukiwari no Hana (日本) （互動劇場：雪割花）1.17GB 冒險類
93,Mahjong Taikai (日本) （麻雀大會）200MB 麻將棋牌類
92,Death Jr. (美國) （死神小子）414MB 戰棋角色扮演類
91,Ridge Racer (歐洲) （山脊賽車）864MB 賽車競速類
90,Piposaru Academia (韓國) （比波猴學院：捉猴大全集）373MB 綜合類
89,Sangokushi V (日本) （三國志5）126MB 歷史戰略類
88,Higanjima (日本) （彼岸島）241MB 冒險類
87,Dora-Slot Kyojin No Hoshi II (日本) （拉霸巨人之星 2）61MB 柏青哥模擬類
86,AI Shogi (日本) （AI將棋）24MB 棋牌類
85,Jitsuwa Kaidan Shinmimi Bukuro Ichi no Shou (日本) （實話怪談“新耳袋” 第一章）495MB 文字冒險類
84,Harukanaru Toki no Nakade Iroetebako (日本) （遙遠的時空中：彩繪手箱）568MB 方塊益智類
83,Astonishia Story (韓國) （亞斯特尼西雅物語）145MB 角色扮演類
82,Mobile Suit Gundam: Giren no Yabou Zeon no Keifu (日本) （機動戰士高達：基連的野望 吉恩的系譜）1.21GB 戰棋策略類
81,Yarudora Portable: Double Cast (日本) （互動劇場：雙面嬌娃）1.13GB 冒險類
80,Yarudora Portable: Kisetsu Wo Dakishimete (日本) （互動劇場：擁抱季節）1.16GB 文字冒險類
79,[HG] Hydrium (日本) （水銀）319MB 益智類
78,AI Mahjong (日本) （AI麻雀）25MB 麻將棋牌類
77,Rockman Dash Hagane no Boukenshin (日本) （洛克人Dash:鋼鐵之心）302MB
76,Taiko no Tatsujin Portable (日本) （太鼓達人：攜帶版）371MB 擊鼓伴奏類
75,Popolocrois Story Adventure of Prince Pietro (日本) （波波羅古羅伊斯物語：皮耶多羅王子的冒險）1.08GB 角色扮演類
74,School Rumble (日本) （校園迷糊大王：姐姐事件）1.61GB 文字冒險類
73,Star Soldier (日本) （星際戰士）74MB 射擊類
72,Sengoki Cannon Sengoku Ace Episode III (日本) （戰國之刃）162MB 射擊類
71,Tenchu: Shinobi Taizen (日本) （天誅：忍大全）402MB 動作冒險類
70,Tenchi no Mon (日本) （天地之門）985MB 動作類
69,Bomberman Panic Bomber (日本) （炸彈人：燃燒炸彈）58MB 動作益智類
68,Baku-No (日本) （智能炸彈）153MB 益智類
67,Derby Time (日本) （德貝賽馬時代）136MB 模擬類
66,AI Go (日本) （AI圍棋）12MB 棋牌類
65,Coded Arms (美國) （機密武裝）175MB 第一人稱射擊類
64,Doraslot 2: Suyaku wa Zenigata (日本) （實戰柏青 巨人之星2）25MB
63,Jissen Pachislot Hisshouhou! Hokuto no Ken Portable (日本) （實戰柏青哥必勝法！北斗神拳）199MB 博彩類
62,Dokodemo Issyo (日本) （隨身玩伴：學校生活）403MB
61,Adventure Player (日本) （冒險玩家）763MB 冒險類
60,Sarugetchu P! (日本) （捉猴啦P！）714MB 動作類
59,Intelligent License (日本) （智能執照）178MB 解密冒險類
58,Dead to Rights Reckoning (美國) （脫獄潛龍：清算）184MB 動作類
57,Eiyuu Densetsu Gagharv Trilogy: Shiroki Majo (日本) （英雄傳說：白髮魔女）955MB 角色扮演類
56,Rengoku: The Tower of Purgatory (日本) （煉獄：洗罪塔）155MB 動作類
55,Generation of Chaos IV: Another Side (日本) （新天魔界：混沌時代4）885MB 策略角色扮演類
54,Eiyuu Densetsu IV: Akai Shizuku (日本) （英雄傳說：朱紅之淚）718MB 角色扮演類
53,Armored Core: Formula Front (日本) （裝甲核心：方程式前線）802MB 第三人稱射擊類
52,Midnight Club 3: DUB Edition (美國) （灣岸午夜俱樂部3：DUB版）1.53GB 賽車競速類
51,Armored Core: Formula Front (韓國) （裝甲核心：方程式前線）773MB 第三人稱射擊類
50,Space Invaders Pocket (日本) （太空侵略者）88MB 射擊類
49,Glorace: Phantastic Carnival (韓國) （夢幻嘉年華）61MB 賽車競速類
48,Wipeout Pure (日本) （反重力賽車）241MB 競速賽車類遊戲
47,Sangokushi V (日本) （三國志5）168MB 歷史戰略類
46,Coded Arms (日本) （機密武裝）175MB 第一人稱射擊類
45,Darkstalkers Chronicle: The Chaos Tower (美國) （惡魔戰士編年史：混沌之塔）660MB 格鬥類
44,Mahjong Fight Club (日本) （麻將格鬥俱樂部）154MB
43,Bleach: Heat the Soul (日本) （死神：魂之熱鬥）293MB 格鬥類
42,Mobile Train Simulator + Densha De Go (日本) （移動火車模擬 電車GO！東京急行篇）165MB 模擬駕駛類
41,Piposaru Academia Dossari Sarugee Daizenshu (日本) （比波猴學院：捉猴大全集）361MB 綜合類
40,FIFA Soccer (美國) （FIFA足球）1.15GB 體育競技類
39,MVP Baseball (美國) （MVP棒球）1.32GB 體育競技類
38,Rengoku: The Tower of Purgatory (美國) （煉獄：洗罪塔）170MB 動作類
37,Puyo Puyo Fever (日本) （魔法氣泡狂熱版）135MB 方塊益智類
36,Shutoku Battle Zone of Control (日本) （首都高賽車：地帶控制）426MB 賽車競速類
35,Kollon (日本) （科隆方塊）38MB 益智方塊類遊戲
34,Metal Gear Ac!D (美國) （合金裝備 ACID）192MB 回合制冒險類
33,NBA Street Showdown (美國) （NBA街頭籃球 表演賽）1.09GB 體育競技類
32,Tales of Eternia (日本) （永恆傳說）839MB 角色扮演類
31,Spider-Man 2 (美國) （蜘蛛俠2）556MB 動作類
30,Soukyuu no Fafner (日本) （蒼穹之法夫娜）401MB 動作類
29,Archer Maclean's Mercury (美國) （水銀）275MB 益智類
28,MLB (美國) （美國棒球聯盟）1.05GB 體育競技類
27,Namco Museum (日本) （南夢宮博物館）156MB 小遊戲合集類
26,NFL Street 2: Unleashed (美國) （NFL街頭橄欖球2 釋放）663MB 體育競技類
25,Kotoba no Puzzle Mojipittan Daijiten (日本) （詞彙益智遊戲：文字大辭典）54MB 文字益智類
24,Tony Hawk's Underground 2 Remix (美國) （托尼霍克地下滑板2：Remix）1.13GB 體育競技類
23,Ape Escape On The Loose (美國) （捉猴啦P！）714MB 動作類
22,Lumines (日本) （音樂方塊：音與光的電飾戰）223MB 方塊益智類
21,Minna No Golf Portable (日本) （大眾高爾夫）383MB 體育運動類
20,Tiger Woods PGA Tour (美國) （泰戈·伍茲高爾夫PGA巡迴賽2005）1.68GB 體育競技類
19,World Tour Soccer (美國) （世界足球巡迴賽）496MB 體育競技類
18,Untold Legends: Brotherhood of the Blade (美國) （無盡的傳說：刀鋒兄弟會）815MB 動作角色扮演類
17,Need For Speed: Underground Rivals (美國) （極品飛車：地下狂飆 挑戰）843MB 賽車競速類
16,Shin Sangoku Musou (日本) （真三國無雙）190MB
15,Hot Shots Golf Open Tee (美國) （大眾高爾夫）438MB 體育運動類
14,Metal Gear Ac!D (日本) （合金裝備 ACID）175MB 回合制冒險類
13,Puzzle Bobble Pocket (日本) （泡泡龍）17MB 方塊益智類
12,NBA (美國) （NBA籃球）185MB 體育競技類
11,Dynasty Warriors (美國) （真·三國無雙）153MB
10,ATV Offroad Fury: Blazin? Trails (美國) （ATV越野機車大賽）861MB 賽車競速類
9,Need For Speed: Underground Rivals (日本) （極品飛車：地下狂飆 挑戰）843MB 賽車競速類
8,Ridge Racer (美國) （山脊賽車）864MB 賽車競速類
7,Twisted Metal Head On (美國) （烈火戰車：勇往直前）799MB 射擊類
6,Gretzky NHL (美國) （美國職業冰球聯盟）146MB 體育競技類
5,Smart Bomb (美國) （智能炸彈）113MB 益智類
4,Lumines (美國) （音樂方塊：音與光的電飾戰）200MB 方塊益智類
3,Wipeout Pure (美國) （反重力賽車）241MB 競速賽車類遊戲
2,Vampire Chronicle The Chaos Tower (日本) （惡魔戰士編年史：混沌之塔）665MB 格鬥類
1,Ridge Racers (日本) （山脊賽車）864MB 賽車競速類
